Team_A,Date_A,W/L_A,Home/Away_A,Score_A,FG%_A,FGM_A,FGA_A,3P%_A,3PM_A,3PA_A,FT%_A,FTM_A,FTA_A,REB_A,OREB_A,DREB_A,AST_A,STL_A,BLK_A,TOV_A,PF_A,PTS_A,Opponent_A,Team_B,Date_B,W/L_B,Home/Away_B,Score_B,FG%_B,FGM_B,FGA_B,3P%_B,3PM_B,3PA_B,FT%_B,FTM_B,FTA_B,REB_B,OREB_B,DREB_B,AST_B,STL_B,BLK_B,TOV_B,PF_B,PTS_B,Opponent_B
CHI,2018-04-01,1,1,WAS94-113CHI,0.524,43,82,0.529,18,34,0.692,9,13,40,6,34,30,7,1,17,17,113,WAS,WAS,2018-04-01,0,0,CHI113-94WAS,0.457,37,81,0.267,8,30,1.000,12,12,37,6,31,27,5,4,17,12,94,CHI
OKC,2018-04-01,1,0,NOP104-109OKC,0.432,41,95,0.290,9,31,0.720,18,25,51,14,37,24,13,4,18,22,109,NOP,NOP,2018-04-01,0,1,OKC109-104NOP,0.458,38,83,0.344,11,32,0.739,17,23,44,7,37,28,13,3,21,20,104,OKC
NOP,2018-04-01,0,1,OKC109-104NOP,0.458,38,83,0.344,11,32,0.739,17,23,44,7,37,28,13,3,21,20,104,OKC,OKC,2018-04-01,1,0,NOP104-109OKC,0.432,41,95,0.290,9,31,0.720,18,25,51,14,37,24,13,4,18,22,109,NOP
CHA,2018-04-01,0,1,PHI119-102CHA,0.402,33,82,0.300,9,30,0.794,27,34,40,9,31,17,8,7,16,13,102,PHI,PHI,2018-04-01,1,0,CHA102-119PHI,0.511,48,94,0.438,14,32,0.900,9,10,44,7,37,36,15,5,14,24,119,CHA
PHI,2018-04-01,1,0,CHA102-119PHI,0.511,48,94,0.438,14,32,0.900,9,10,44,7,37,36,15,5,14,24,119,CHA,CHA,2018-04-01,0,1,PHI119-102CHA,0.402,33,82,0.300,9,30,0.794,27,34,40,9,31,17,8,7,16,13,102,PHI
UTA,2018-04-01,1,0,MIN97-121UTA,0.605,46,76,0.393,11,28,0.720,18,25,45,6,39,29,8,7,17,19,121,MIN,MIN,2018-04-01,0,1,UTA121-97MIN,0.422,38,90,0.333,8,24,0.929,13,14,32,7,25,19,10,1,14,17,97,UTA
MIN,2018-04-01,0,1,UTA121-97MIN,0.422,38,90,0.333,8,24,0.929,13,14,32,7,25,19,10,1,14,17,97,UTA,UTA,2018-04-01,1,0,MIN97-121UTA,0.605,46,76,0.393,11,28,0.720,18,25,45,6,39,29,8,7,17,19,121,MIN
MIL,2018-04-01,0,0,DEN128-125MIL,0.450,45,100,0.364,12,33,0.852,23,27,45,11,34,27,9,3,9,37,125,DEN,DEN,2018-04-01,1,1,MIL125-128DEN,0.444,40,90,0.306,11,36,0.804,37,46,57,17,40,27,2,8,17,23,128,MIL
DEN,2018-04-01,1,1,MIL125-128DEN,0.444,40,90,0.306,11,36,0.804,37,46,57,17,40,27,2,8,17,23,128,MIL,MIL,2018-04-01,0,0,DEN128-125MIL,0.450,45,100,0.364,12,33,0.852,23,27,45,11,34,27,9,3,9,37,125,DEN
ORL,2018-04-01,0,0,ATL94-88ORL,0.344,33,96,0.278,10,36,0.923,12,13,41,11,30,19,8,6,5,10,88,ATL,ATL,2018-04-01,1,1,ORL88-94ATL,0.482,41,85,0.306,11,36,1.000,1,1,52,5,47,33,0,3,16,15,94,ORL
ATL,2018-04-01,1,1,ORL88-94ATL,0.482,41,85,0.306,11,36,1.000,1,1,52,5,47,33,0,3,16,15,94,ORL,ORL,2018-04-01,0,0,ATL94-88ORL,0.344,33,96,0.278,10,36,0.923,12,13,41,11,30,19,8,6,5,10,88,ATL
IND,2018-04-01,1,0,LAC104-111IND,0.488,42,86,0.393,11,28,0.762,16,21,40,15,25,23,8,4,11,12,111,LAC,LAC,2018-04-01,0,1,IND111-104LAC,0.512,42,82,0.360,9,25,0.786,11,14,36,12,24,24,6,6,13,19,104,IND
LAC,2018-04-01,0,1,IND111-104LAC,0.512,42,82,0.360,9,25,0.786,11,14,36,12,24,24,6,6,13,19,104,IND,IND,2018-04-01,1,0,LAC104-111IND,0.488,42,86,0.393,11,28,0.762,16,21,40,15,25,23,8,4,11,12,111,LAC
PHX,2018-04-01,0,0,GSW117-107PHX,0.456,41,90,0.355,11,31,0.875,14,16,42,9,33,26,8,4,15,12,107,GSW,GSW,2018-04-01,1,1,PHX107-117GSW,0.539,48,89,0.464,13,28,0.889,8,9,45,7,38,31,10,7,15,14,117,PHX
MEM,2018-04-01,0,0,POR113-98MEM,0.455,40,88,0.429,9,21,0.750,9,12,42,9,33,20,7,5,17,19,98,POR,POR,2018-04-01,1,1,MEM98-113POR,0.464,39,84,0.316,12,38,0.920,23,25,43,8,35,28,9,2,14,15,113,MEM
SAS,2018-04-01,1,1,HOU83-100SAS,0.494,40,81,0.353,6,17,0.667,14,21,48,8,40,19,8,8,9,19,100,HOU,HOU,2018-04-01,0,0,SAS100-83HOU,0.338,26,77,0.226,7,31,0.828,24,29,42,8,34,12,3,3,10,19,83,SAS
HOU,2018-04-01,0,0,SAS100-83HOU,0.338,26,77,0.226,7,31,0.828,24,29,42,8,34,12,3,3,10,19,83,SAS,SAS,2018-04-01,1,1,HOU83-100SAS,0.494,40,81,0.353,6,17,0.667,14,21,48,8,40,19,8,8,9,19,100,HOU
SAC,2018-04-01,1,0,LAL83-84SAC,0.380,35,92,0.292,7,24,0.500,7,14,47,13,34,17,9,5,10,20,84,LAL,LAL,2018-04-01,0,1,SAC84-83LAL,0.400,30,75,0.219,7,32,0.640,16,25,47,10,37,18,5,6,15,15,83,SAC
LAL,2018-04-01,0,1,SAC84-83LAL,0.400,30,75,0.219,7,32,0.640,16,25,47,10,37,18,5,6,15,15,83,SAC,SAC,2018-04-01,1,0,LAL83-84SAC,0.380,35,92,0.292,7,24,0.500,7,14,47,13,34,17,9,5,10,20,84,LAL
WAS,2018-04-01,0,0,CHI113-94WAS,0.457,37,81,0.267,8,30,1.000,12,12,37,6,31,27,5,4,17,12,94,CHI,CHI,2018-04-01,1,1,WAS94-113CHI,0.524,43,82,0.529,18,34,0.692,9,13,40,6,34,30,7,1,17,17,113,WAS
POR,2018-04-01,1,1,MEM98-113POR,0.464,39,84,0.316,12,38,0.920,23,25,43,8,35,28,9,2,14,15,113,MEM,MEM,2018-04-01,0,0,POR113-98MEM,0.455,40,88,0.429,9,21,0.750,9,12,42,9,33,20,7,5,17,19,98,POR
DAL,2018-04-01,0,0,CLE98-87DAL,0.405,32,79,0.351,13,37,0.909,10,11,38,4,34,15,5,3,15,20,87,CLE,CLE,2018-04-01,1,1,DAL87-98CLE,0.412,35,85,0.423,11,26,0.739,17,23,50,10,40,21,7,1,11,12,98,DAL
CLE,2018-04-01,1,1,DAL87-98CLE,0.412,35,85,0.423,11,26,0.739,17,23,50,10,40,21,7,1,11,12,98,DAL,DAL,2018-04-01,0,0,CLE98-87DAL,0.405,32,79,0.351,13,37,0.909,10,11,38,4,34,15,5,3,15,20,87,CLE
BKN,2018-04-01,0,1,DET108-96BKN,0.425,37,87,0.279,12,43,0.667,10,15,40,6,34,23,5,5,12,22,96,DET,DET,2018-04-01,1,0,BKN96-108DET,0.452,38,84,0.368,7,19,0.781,25,32,53,10,43,17,9,3,11,16,108,BKN
GSW,2018-04-01,1,1,PHX107-117GSW,0.539,48,89,0.464,13,28,0.889,8,9,45,7,38,31,10,7,15,14,117,PHX,PHX,2018-04-01,0,0,GSW117-107PHX,0.456,41,90,0.355,11,31,0.875,14,16,42,9,33,26,8,4,15,12,107,GSW
DET,2018-04-01,1,0,BKN96-108DET,0.452,38,84,0.368,7,19,0.781,25,32,53,10,43,17,9,3,11,16,108,BKN,BKN,2018-04-01,0,1,DET108-96BKN,0.425,37,87,0.279,12,43,0.667,10,15,40,6,34,23,5,5,12,22,96,DET
PHI,2018-04-03,1,1,BKN95-121PHI,0.549,50,91,0.429,9,21,0.667,12,18,55,7,48,28,10,10,10,22,121,BKN,BKN,2018-04-03,0,0,PHI121-95BKN,0.420,34,81,0.405,17,42,0.435,10,23,36,3,33,20,5,6,18,15,95,PHI
HOU,2018-04-03,1,1,WAS104-120HOU,0.512,43,84,0.348,16,46,0.667,18,27,46,10,36,26,13,3,12,14,120,WAS,WAS,2018-04-03,0,0,HOU120-104WAS,0.528,38,72,0.480,12,25,0.696,16,23,36,3,33,25,6,1,17,21,104,HOU
OKC,2018-04-03,0,1,GSW111-107OKC,0.376,35,93,0.237,9,38,0.757,28,37,58,22,36,13,8,3,16,20,107,GSW,GSW,2018-04-03,1,0,OKC107-111GSW,0.494,41,83,0.276,8,29,0.875,21,24,40,6,34,27,9,5,13,25,111,OKC
DEN,2018-04-03,1,1,IND104-107DEN,0.461,41,89,0.313,10,32,0.750,15,20,49,13,36,31,10,8,16,19,107,IND,IND,2018-04-03,0,0,DEN107-104IND,0.488,41,84,0.474,9,19,0.813,13,16,35,6,29,23,11,4,13,24,104,DEN
PHX,2018-04-03,1,1,SAC94-97PHX,0.455,35,77,0.353,6,17,0.636,21,33,52,6,46,18,6,5,15,22,97,SAC,SAC,2018-04-03,0,0,PHX97-94SAC,0.371,33,89,0.407,11,27,0.739,17,23,40,10,30,20,5,5,10,24,94,PHX
IND,2018-04-03,0,0,DEN107-104IND,0.488,41,84,0.474,9,19,0.813,13,16,35,6,29,23,11,4,13,24,104,DEN,DEN,2018-04-03,1,1,IND104-107DEN,0.461,41,89,0.313,10,32,0.750,15,20,49,13,36,31,10,8,16,19,107,IND
BOS,2018-04-03,0,0,MIL106-102BOS,0.469,38,81,0.304,7,23,0.792,19,24,37,10,27,19,10,6,17,17,102,MIL,MIL,2018-04-03,1,1,BOS102-106MIL,0.544,43,79,0.250,5,20,0.714,15,21,41,9,32,27,6,5,15,23,106,BOS
MIL,2018-04-03,1,1,BOS102-106MIL,0.544,43,79,0.250,5,20,0.714,15,21,41,9,32,27,6,5,15,23,106,BOS,BOS,2018-04-03,0,0,MIL106-102BOS,0.469,38,81,0.304,7,23,0.792,19,24,37,10,27,19,10,6,17,17,102,MIL
POR,2018-04-03,0,0,DAL115-109POR,0.448,39,87,0.250,10,40,0.875,21,24,46,5,41,28,6,2,13,20,109,DAL,DAL,2018-04-03,1,1,POR109-115DAL,0.457,42,92,0.386,17,44,0.700,14,20,43,8,35,27,8,5,7,16,115,POR
DAL,2018-04-03,1,1,POR109-115DAL,0.457,42,92,0.386,17,44,0.700,14,20,43,8,35,27,8,5,7,16,115,POR,POR,2018-04-03,0,0,DAL115-109POR,0.448,39,87,0.250,10,40,0.875,21,24,46,5,41,28,6,2,13,20,109,DAL
LAL,2018-04-03,0,0,UTA117-110LAL,0.486,36,74,0.500,14,28,0.667,24,36,39,7,32,23,7,5,16,23,110,UTA,UTA,2018-04-03,1,1,LAL110-117UTA,0.483,43,89,0.424,14,33,0.630,17,27,47,14,33,29,10,5,14,22,117,LAL
UTA,2018-04-03,1,1,LAL110-117UTA,0.483,43,89,0.424,14,33,0.630,17,27,47,14,33,29,10,5,14,22,117,LAL,LAL,2018-04-03,0,0,UTA117-110LAL,0.486,36,74,0.500,14,28,0.667,24,36,39,7,32,23,7,5,16,23,110,UTA
SAS,2018-04-03,0,0,LAC113-110SAS,0.443,39,88,0.333,8,24,0.857,24,28,39,10,29,24,13,10,12,29,110,LAC,LAC,2018-04-03,1,1,SAS110-113LAC,0.451,37,82,0.313,5,16,0.791,34,43,47,12,35,21,8,2,15,23,113,SAS
LAC,2018-04-03,1,1,SAS110-113LAC,0.451,37,82,0.313,5,16,0.791,34,43,47,12,35,21,8,2,15,23,113,SAS,SAS,2018-04-03,0,0,LAC113-110SAS,0.443,39,88,0.333,8,24,0.857,24,28,39,10,29,24,13,10,12,29,110,LAC
BKN,2018-04-03,0,0,PHI121-95BKN,0.420,34,81,0.405,17,42,0.435,10,23,36,3,33,20,5,6,18,15,95,PHI,PHI,2018-04-03,1,1,BKN95-121PHI,0.549,50,91,0.429,9,21,0.667,12,18,55,7,48,28,10,10,10,22,121,BKN
MIA,2018-04-03,1,1,ATL98-101MIA,0.451,41,91,0.242,8,33,0.846,11,13,46,11,35,22,10,8,14,16,101,ATL,ATL,2018-04-03,0,0,MIA101-98ATL,0.420,37,88,0.394,13,33,0.733,11,15,49,12,37,24,10,1,18,15,98,MIA
ATL,2018-04-03,0,0,MIA101-98ATL,0.420,37,88,0.394,13,33,0.733,11,15,49,12,37,24,10,1,18,15,98,MIA,MIA,2018-04-03,1,1,ATL98-101MIA,0.451,41,91,0.242,8,33,0.846,11,13,46,11,35,22,10,8,14,16,101,ATL
CHI,2018-04-03,1,1,CHA114-120CHI,0.465,46,99,0.441,15,34,0.722,13,18,44,11,33,26,9,4,8,20,120,CHA,CHA,2018-04-03,0,0,CHI120-114CHA,0.494,40,81,0.382,13,34,0.750,21,28,49,10,39,24,3,4,20,16,114,CHI
CHA,2018-04-03,0,0,CHI120-114CHA,0.494,40,81,0.382,13,34,0.750,21,28,49,10,39,24,3,4,20,16,114,CHI,CHI,2018-04-03,1,1,CHA114-120CHI,0.465,46,99,0.441,15,34,0.722,13,18,44,11,33,26,9,4,8,20,120,CHA
ORL,2018-04-03,1,0,NYK73-97ORL,0.420,37,88,0.306,11,36,0.667,12,18,53,11,42,28,7,5,11,12,97,NYK,NYK,2018-04-03,0,1,ORL97-73NYK,0.349,30,86,0.148,4,27,0.750,9,12,42,7,35,17,5,9,12,17,73,ORL
SAC,2018-04-03,0,0,PHX97-94SAC,0.371,33,89,0.407,11,27,0.739,17,23,40,10,30,20,5,5,10,24,94,PHX,PHX,2018-04-03,1,1,SAC94-97PHX,0.455,35,77,0.353,6,17,0.636,21,33,52,6,46,18,6,5,15,22,97,SAC
NYK,2018-04-03,0,1,ORL97-73NYK,0.349,30,86,0.148,4,27,0.750,9,12,42,7,35,17,5,9,12,17,73,ORL,ORL,2018-04-03,1,0,NYK73-97ORL,0.420,37,88,0.306,11,36,0.667,12,18,53,11,42,28,7,5,11,12,97,NYK
CLE,2018-04-03,1,1,TOR106-112CLE,0.494,38,77,0.433,13,30,0.885,23,26,42,2,40,18,8,6,12,17,112,TOR,TOR,2018-04-03,0,0,CLE112-106TOR,0.447,42,94,0.324,11,34,0.786,11,14,46,9,37,28,7,1,11,23,106,CLE
TOR,2018-04-03,0,0,CLE112-106TOR,0.447,42,94,0.324,11,34,0.786,11,14,46,9,37,28,7,1,11,23,106,CLE,CLE,2018-04-03,1,1,TOR106-112CLE,0.494,38,77,0.433,13,30,0.885,23,26,42,2,40,18,8,6,12,17,112,TOR
GSW,2018-04-03,1,0,OKC107-111GSW,0.494,41,83,0.276,8,29,0.875,21,24,40,6,34,27,9,5,13,25,111,OKC,OKC,2018-04-03,0,1,GSW111-107OKC,0.376,35,93,0.237,9,38,0.757,28,37,58,22,36,13,8,3,16,20,107,GSW
WAS,2018-04-03,0,0,HOU120-104WAS,0.528,38,72,0.480,12,25,0.696,16,23,36,3,33,25,6,1,17,21,104,HOU,HOU,2018-04-03,1,1,WAS104-120HOU,0.512,43,84,0.348,16,46,0.667,18,27,46,10,36,26,13,3,12,14,120,WAS
TOR,2018-04-04,1,1,BOS78-96TOR,0.435,40,92,0.303,10,33,0.750,6,8,48,12,36,23,10,6,11,25,96,BOS,BOS,2018-04-04,0,0,TOR96-78BOS,0.333,25,75,0.136,3,22,0.893,25,28,43,8,35,10,7,3,17,16,78,TOR
NOP,2018-04-04,1,1,MEM95-123NOP,0.523,45,86,0.444,16,36,0.895,17,19,48,11,37,32,14,7,18,19,123,MEM,MEM,2018-04-04,0,0,NOP123-95MEM,0.398,37,93,0.313,10,32,0.733,11,15,37,11,26,19,9,1,21,19,95,NOP
DET,2018-04-04,0,1,PHI115-108DET,0.443,39,88,0.444,16,36,0.609,14,23,42,9,33,30,4,5,18,19,108,PHI,PHI,2018-04-04,1,0,DET108-115PHI,0.494,44,89,0.433,13,30,0.737,14,19,44,7,37,32,11,3,13,17,115,DET
BOS,2018-04-04,0,0,TOR96-78BOS,0.333,25,75,0.136,3,22,0.893,25,28,43,8,35,10,7,3,17,16,78,TOR,TOR,2018-04-04,1,1,BOS78-96TOR,0.435,40,92,0.303,10,33,0.750,6,8,48,12,36,23,10,6,11,25,96,BOS
ORL,2018-04-04,1,1,DAL100-105ORL,0.453,39,86,0.276,8,29,0.704,19,27,47,12,35,27,4,10,13,15,105,DAL,DAL,2018-04-04,0,0,ORL105-100DAL,0.438,39,89,0.333,10,30,0.706,12,17,43,11,32,24,3,1,12,23,100,ORL
PHI,2018-04-04,1,0,DET108-115PHI,0.494,44,89,0.433,13,30,0.737,14,19,44,7,37,32,11,3,13,17,115,DET,DET,2018-04-04,0,1,PHI115-108DET,0.443,39,88,0.444,16,36,0.609,14,23,42,9,33,30,4,5,18,19,108,PHI
LAL,2018-04-04,1,1,SAS112-122LAL,0.547,47,86,0.542,13,24,0.833,15,18,44,4,40,32,4,3,14,22,122,SAS,SAS,2018-04-04,0,0,LAL122-112SAS,0.433,42,97,0.391,9,23,0.704,19,27,46,15,31,25,7,5,10,20,112,LAL
SAS,2018-04-04,0,0,LAL122-112SAS,0.433,42,97,0.391,9,23,0.704,19,27,46,15,31,25,7,5,10,20,112,LAL,LAL,2018-04-04,1,1,SAS112-122LAL,0.547,47,86,0.542,13,24,0.833,15,18,44,4,40,32,4,3,14,22,122,SAS
ATL,2018-04-04,0,1,MIA115-86ATL,0.367,33,90,0.300,9,30,0.647,11,17,48,10,38,20,5,6,16,16,86,MIA,MIA,2018-04-04,1,0,ATL86-115MIA,0.447,42,94,0.447,17,38,0.824,14,17,54,10,44,23,9,10,12,17,115,ATL
MEM,2018-04-04,0,0,NOP123-95MEM,0.398,37,93,0.313,10,32,0.733,11,15,37,11,26,19,9,1,21,19,95,NOP,NOP,2018-04-04,1,1,MEM95-123NOP,0.523,45,86,0.444,16,36,0.895,17,19,48,11,37,32,14,7,18,19,123,MEM
DAL,2018-04-04,0,0,ORL105-100DAL,0.438,39,89,0.333,10,30,0.706,12,17,43,11,32,24,3,1,12,23,100,ORL,ORL,2018-04-04,1,1,DAL100-105ORL,0.453,39,86,0.276,8,29,0.704,19,27,47,12,35,27,4,10,13,15,105,DAL
MIA,2018-04-04,1,0,ATL86-115MIA,0.447,42,94,0.447,17,38,0.824,14,17,54,10,44,23,9,10,12,17,115,ATL,ATL,2018-04-04,0,1,MIA115-86ATL,0.367,33,90,0.300,9,30,0.647,11,17,48,10,38,20,5,6,16,16,86,MIA
MIN,2018-04-05,0,0,DEN100-96MIN,0.429,39,91,0.250,6,24,0.750,12,16,47,12,35,22,4,1,8,19,96,DEN,DEN,2018-04-05,1,1,MIN96-100DEN,0.393,35,89,0.306,11,36,0.864,19,22,47,13,34,21,3,7,11,17,100,MIN
DEN,2018-04-05,1,1,MIN96-100DEN,0.393,35,89,0.306,11,36,0.864,19,22,47,13,34,21,3,7,11,17,100,MIN,MIN,2018-04-05,0,0,DEN100-96MIN,0.429,39,91,0.250,6,24,0.750,12,16,47,12,35,22,4,1,8,19,96,DEN
BKN,2018-04-05,1,0,MIL111-119BKN,0.547,41,75,0.487,19,39,0.857,18,21,41,4,37,30,3,12,20,21,119,MIL,MIL,2018-04-05,0,1,BKN119-111MIL,0.441,41,93,0.250,5,20,0.800,24,30,41,12,29,21,12,2,8,19,111,BKN
UTA,2018-04-05,1,1,LAC95-117UTA,0.530,44,83,0.370,10,27,0.679,19,28,38,10,28,27,7,8,11,22,117,LAC,LAC,2018-04-05,0,0,UTA117-95LAC,0.443,35,79,0.176,3,17,0.786,22,28,39,11,28,18,7,3,16,25,95,UTA
IND,2018-04-05,1,1,GSW106-126IND,0.538,50,93,0.517,15,29,0.733,11,15,47,13,34,32,11,3,13,24,126,GSW,GSW,2018-04-05,0,0,IND126-106GSW,0.446,37,83,0.310,9,29,0.958,23,24,39,13,26,29,6,5,16,14,106,IND
GSW,2018-04-05,0,0,IND126-106GSW,0.446,37,83,0.310,9,29,0.958,23,24,39,13,26,29,6,5,16,14,106,IND,IND,2018-04-05,1,1,GSW106-126IND,0.538,50,93,0.517,15,29,0.733,11,15,47,13,34,32,11,3,13,24,126,GSW
WAS,2018-04-05,0,0,CLE119-115WAS,0.500,47,94,0.429,9,21,0.857,12,14,41,12,29,34,8,7,15,23,115,CLE,CLE,2018-04-05,1,1,WAS115-119CLE,0.545,42,77,0.481,13,27,0.786,22,28,35,5,30,26,10,3,16,14,119,WAS
CLE,2018-04-05,1,1,WAS115-119CLE,0.545,42,77,0.481,13,27,0.786,22,28,35,5,30,26,10,3,16,14,119,WAS,WAS,2018-04-05,0,0,CLE119-115WAS,0.500,47,94,0.429,9,21,0.857,12,14,41,12,29,34,8,7,15,23,115,CLE
HOU,2018-04-05,1,1,POR94-96HOU,0.466,34,73,0.351,13,37,0.625,15,24,38,6,32,16,10,5,17,16,96,POR,POR,2018-04-05,0,0,HOU96-94POR,0.459,39,85,0.318,7,22,0.643,9,14,47,12,35,16,10,2,18,20,94,HOU
POR,2018-04-05,0,0,HOU96-94POR,0.459,39,85,0.318,7,22,0.643,9,14,47,12,35,16,10,2,18,20,94,HOU,HOU,2018-04-05,1,1,POR94-96HOU,0.466,34,73,0.351,13,37,0.625,15,24,38,6,32,16,10,5,17,16,96,POR
LAC,2018-04-05,0,0,UTA117-95LAC,0.443,35,79,0.176,3,17,0.786,22,28,39,11,28,18,7,3,16,25,95,UTA,UTA,2018-04-05,1,1,LAC95-117UTA,0.530,44,83,0.370,10,27,0.679,19,28,38,10,28,27,7,8,11,22,117,LAC
MIL,2018-04-05,0,1,BKN119-111MIL,0.441,41,93,0.250,5,20,0.800,24,30,41,12,29,21,12,2,8,19,111,BKN,BKN,2018-04-05,1,0,MIL111-119BKN,0.547,41,75,0.487,19,39,0.857,18,21,41,4,37,30,3,12,20,21,119,MIL
IND,2018-04-06,0,0,TOR92-73IND,0.299,26,87,0.333,7,21,0.700,14,20,44,12,32,16,8,8,13,21,73,TOR,TOR,2018-04-06,1,1,IND73-92TOR,0.429,36,84,0.300,9,30,0.688,11,16,52,9,43,27,9,8,23,17,92,IND
ORL,2018-04-06,0,1,CHA137-100ORL,0.447,42,94,0.391,9,23,0.538,7,13,36,12,24,27,2,3,9,19,100,CHA,CHA,2018-04-06,1,0,ORL100-137CHA,0.558,48,86,0.548,17,31,0.923,24,26,50,9,41,32,4,5,10,15,137,ORL
MEM,2018-04-06,0,1,SAC94-93MEM,0.440,37,84,0.250,6,24,0.722,13,18,38,12,26,20,7,7,15,12,93,SAC,SAC,2018-04-06,1,0,MEM93-94SAC,0.471,40,85,0.250,6,24,0.667,8,12,42,10,32,23,8,5,16,21,94,MEM
SAC,2018-04-06,1,0,MEM93-94SAC,0.471,40,85,0.250,6,24,0.667,8,12,42,10,32,23,8,5,16,21,94,MEM,MEM,2018-04-06,0,1,SAC94-93MEM,0.440,37,84,0.250,6,24,0.722,13,18,38,12,26,20,7,7,15,12,93,SAC
TOR,2018-04-06,1,1,IND73-92TOR,0.429,36,84,0.300,9,30,0.688,11,16,52,9,43,27,9,8,23,17,92,IND,IND,2018-04-06,0,0,TOR92-73IND,0.299,26,87,0.333,7,21,0.700,14,20,44,12,32,16,8,8,13,21,73,TOR
MIA,2018-04-06,0,0,NYK122-98MIA,0.398,35,88,0.259,7,27,0.955,21,22,42,7,35,20,7,5,12,19,98,NYK,NYK,2018-04-06,1,1,MIA98-122NYK,0.506,45,89,0.486,18,37,0.667,14,21,51,9,42,33,7,5,12,23,122,MIA
WAS,2018-04-06,0,1,ATL103-97WAS,0.402,35,87,0.360,9,25,0.783,18,23,45,9,36,18,8,4,12,15,97,ATL,ATL,2018-04-06,1,0,WAS97-103ATL,0.481,38,79,0.333,11,33,0.696,16,23,50,7,43,24,5,5,18,22,103,WAS
ATL,2018-04-06,1,0,WAS97-103ATL,0.481,38,79,0.333,11,33,0.696,16,23,50,7,43,24,5,5,18,22,103,WAS,WAS,2018-04-06,0,1,ATL103-97WAS,0.402,35,87,0.360,9,25,0.783,18,23,45,9,36,18,8,4,12,15,97,ATL
CHA,2018-04-06,1,0,ORL100-137CHA,0.558,48,86,0.548,17,31,0.923,24,26,50,9,41,32,4,5,10,15,137,ORL,ORL,2018-04-06,0,1,CHA137-100ORL,0.447,42,94,0.391,9,23,0.538,7,13,36,12,24,27,2,3,9,19,100,CHA
DAL,2018-04-06,0,0,DET113-106DAL,0.435,40,92,0.333,13,39,0.722,13,18,46,10,36,26,7,5,12,20,106,DET,DET,2018-04-06,1,1,DAL106-113DET,0.500,46,92,0.400,12,30,0.529,9,17,49,6,43,24,6,4,11,19,113,DAL
DET,2018-04-06,1,1,DAL106-113DET,0.500,46,92,0.400,12,30,0.529,9,17,49,6,43,24,6,4,11,19,113,DAL,DAL,2018-04-06,0,0,DET113-106DAL,0.435,40,92,0.333,13,39,0.722,13,18,46,10,36,26,7,5,12,20,106,DET
NOP,2018-04-06,1,0,PHX103-122NOP,0.455,45,99,0.421,16,38,0.800,16,20,55,13,42,29,9,7,15,22,122,PHX,PHX,2018-04-06,0,1,NOP122-103PHX,0.394,37,94,0.273,9,33,0.769,20,26,48,12,36,20,8,4,14,18,103,NOP
CHI,2018-04-06,0,0,BOS111-104CHI,0.465,40,86,0.467,14,30,0.588,10,17,43,9,34,25,15,0,17,22,104,BOS,BOS,2018-04-06,1,1,CHI104-111BOS,0.556,45,81,0.412,14,34,0.412,7,17,46,6,40,35,9,6,18,15,111,CHI
BOS,2018-04-06,1,1,CHI104-111BOS,0.556,45,81,0.412,14,34,0.412,7,17,46,6,40,35,9,6,18,15,111,CHI,CHI,2018-04-06,0,0,BOS111-104CHI,0.465,40,86,0.467,14,30,0.588,10,17,43,9,34,25,15,0,17,22,104,BOS
NYK,2018-04-06,1,1,MIA98-122NYK,0.506,45,89,0.486,18,37,0.667,14,21,51,9,42,33,7,5,12,23,122,MIA,MIA,2018-04-06,0,0,NYK122-98MIA,0.398,35,88,0.259,7,27,0.955,21,22,42,7,35,20,7,5,12,19,98,NYK
MIN,2018-04-06,1,0,LAL96-113MIN,0.430,43,100,0.308,8,26,0.731,19,26,48,18,30,25,14,8,5,24,113,LAL,LAL,2018-04-06,0,1,MIN113-96LAL,0.392,31,79,0.333,8,24,0.813,26,32,53,13,40,16,3,2,21,21,96,MIN
LAL,2018-04-06,0,1,MIN113-96LAL,0.392,31,79,0.333,8,24,0.813,26,32,53,13,40,16,3,2,21,21,96,MIN,MIN,2018-04-06,1,0,LAL96-113MIN,0.430,43,100,0.308,8,26,0.731,19,26,48,18,30,25,14,8,5,24,113,LAL
PHI,2018-04-06,1,1,CLE130-132PHI,0.495,50,101,0.359,14,39,0.857,18,21,44,11,33,35,11,7,12,23,132,CLE,CLE,2018-04-06,0,0,PHI132-130CLE,0.517,45,87,0.471,16,34,0.727,24,33,41,8,33,24,6,2,15,20,130,PHI
CLE,2018-04-06,0,0,PHI132-130CLE,0.517,45,87,0.471,16,34,0.727,24,33,41,8,33,24,6,2,15,20,130,PHI,PHI,2018-04-06,1,1,CLE130-132PHI,0.495,50,101,0.359,14,39,0.857,18,21,44,11,33,35,11,7,12,23,132,CLE
PHX,2018-04-06,0,1,NOP122-103PHX,0.394,37,94,0.273,9,33,0.769,20,26,48,12,36,20,8,4,14,18,103,NOP,NOP,2018-04-06,1,0,PHX103-122NOP,0.455,45,99,0.421,16,38,0.800,16,20,55,13,42,29,9,7,15,22,122,PHX
GSW,2018-04-07,0,1,NOP126-120GSW,0.544,49,90,0.455,15,33,0.636,7,11,42,8,34,31,3,0,17,21,120,NOP,NOP,2018-04-07,1,0,GSW120-126NOP,0.563,49,87,0.407,11,27,0.773,17,22,34,4,30,39,15,6,8,16,126,GSW
NYK,2018-04-07,0,1,MIL115-102NYK,0.432,41,95,0.429,9,21,1.000,11,11,44,13,31,30,3,7,11,17,102,MIL,MIL,2018-04-07,1,0,NYK102-115MIL,0.484,45,93,0.400,10,25,0.882,15,17,48,12,36,30,6,10,10,13,115,NYK
SAS,2018-04-07,1,1,POR105-116SAS,0.560,47,84,0.333,7,21,0.714,15,21,36,4,32,21,12,3,8,12,116,POR,POR,2018-04-07,0,0,SAS116-105POR,0.477,42,88,0.393,11,28,0.909,10,11,40,11,29,18,4,5,13,17,105,SAS
NOP,2018-04-07,1,0,GSW120-126NOP,0.563,49,87,0.407,11,27,0.773,17,22,34,4,30,39,15,6,8,16,126,GSW,GSW,2018-04-07,0,1,NOP126-120GSW,0.544,49,90,0.455,15,33,0.636,7,11,42,8,34,31,3,0,17,21,120,NOP
DEN,2018-04-07,1,0,LAC115-134DEN,0.624,53,85,0.414,12,29,0.696,16,23,33,7,26,36,4,6,8,26,134,LAC,LAC,2018-04-07,0,1,DEN134-115LAC,0.494,43,87,0.353,6,17,0.676,23,34,38,15,23,25,6,0,11,19,115,DEN
POR,2018-04-07,0,0,SAS116-105POR,0.477,42,88,0.393,11,28,0.909,10,11,40,11,29,18,4,5,13,17,105,SAS,SAS,2018-04-07,1,1,POR105-116SAS,0.560,47,84,0.333,7,21,0.714,15,21,36,4,32,21,12,3,8,12,116,POR
BKN,2018-04-07,1,0,CHI96-124BKN,0.500,46,92,0.436,24,55,0.727,8,11,46,5,41,36,11,10,15,18,124,CHI,CHI,2018-04-07,0,1,BKN124-96CHI,0.409,36,88,0.207,6,29,0.857,18,21,39,4,35,16,8,1,13,14,96,BKN
MIL,2018-04-07,1,0,NYK102-115MIL,0.484,45,93,0.400,10,25,0.882,15,17,48,12,36,30,6,10,10,13,115,NYK,NYK,2018-04-07,0,1,MIL115-102NYK,0.432,41,95,0.429,9,21,1.000,11,11,44,13,31,30,3,7,11,17,102,MIL
HOU,2018-04-07,0,1,OKC108-102HOU,0.474,36,76,0.378,14,37,0.696,16,23,41,6,35,23,7,5,18,24,102,OKC,OKC,2018-04-07,1,0,HOU102-108OKC,0.396,36,91,0.303,10,33,0.788,26,33,42,15,27,21,11,5,11,20,108,HOU
OKC,2018-04-07,1,0,HOU102-108OKC,0.396,36,91,0.303,10,33,0.788,26,33,42,15,27,21,11,5,11,20,108,HOU,HOU,2018-04-07,0,1,OKC108-102HOU,0.474,36,76,0.378,14,37,0.696,16,23,41,6,35,23,7,5,18,24,102,OKC
CHI,2018-04-07,0,1,BKN124-96CHI,0.409,36,88,0.207,6,29,0.857,18,21,39,4,35,16,8,1,13,14,96,BKN,BKN,2018-04-07,1,0,CHI96-124BKN,0.500,46,92,0.436,24,55,0.727,8,11,46,5,41,36,11,10,15,18,124,CHI
LAC,2018-04-07,0,1,DEN134-115LAC,0.494,43,87,0.353,6,17,0.676,23,34,38,15,23,25,6,0,11,19,115,DEN,DEN,2018-04-07,1,0,LAC115-134DEN,0.624,53,85,0.414,12,29,0.696,16,23,33,7,26,36,4,6,8,26,134,LAC
TOR,2018-04-08,1,1,ORL101-112TOR,0.500,39,78,0.425,17,40,0.708,17,24,47,6,41,28,8,5,17,21,112,ORL,ORL,2018-04-08,0,0,TOR112-101ORL,0.472,42,89,0.304,7,23,0.588,10,17,42,6,36,25,12,4,11,17,101,TOR
ORL,2018-04-08,0,0,TOR112-101ORL,0.472,42,89,0.304,7,23,0.588,10,17,42,6,36,25,12,4,11,17,101,TOR,TOR,2018-04-08,1,1,ORL101-112TOR,0.500,39,78,0.425,17,40,0.708,17,24,47,6,41,28,8,5,17,21,112,ORL
DET,2018-04-08,0,0,MEM130-117DET,0.409,38,93,0.489,23,47,0.783,18,23,38,14,24,30,10,0,13,18,117,MEM,MEM,2018-04-08,1,1,DET117-130MEM,0.578,48,83,0.485,16,33,0.750,18,24,43,8,35,36,11,4,14,18,130,DET
MEM,2018-04-08,1,1,DET117-130MEM,0.578,48,83,0.485,16,33,0.750,18,24,43,8,35,36,11,4,14,18,130,DET,DET,2018-04-08,0,0,MEM130-117DET,0.409,38,93,0.489,23,47,0.783,18,23,38,14,24,30,10,0,13,18,117,MEM
IND,2018-04-08,1,0,CHA117-123IND,0.538,50,93,0.360,9,25,0.778,14,18,39,7,32,27,11,1,15,22,123,CHA,CHA,2018-04-08,0,1,IND123-117CHA,0.500,40,80,0.367,11,30,0.867,26,30,36,5,31,27,6,3,21,17,117,IND
BOS,2018-04-08,0,1,ATL112-106BOS,0.512,42,82,0.391,9,23,0.650,13,20,41,10,31,33,9,6,12,18,106,ATL,ATL,2018-04-08,1,0,BOS106-112ATL,0.500,43,86,0.429,15,35,0.786,11,14,37,5,32,23,7,4,13,19,112,BOS
ATL,2018-04-08,1,0,BOS106-112ATL,0.500,43,86,0.429,15,35,0.786,11,14,37,5,32,23,7,4,13,19,112,BOS,BOS,2018-04-08,0,1,ATL112-106BOS,0.512,42,82,0.391,9,23,0.650,13,20,41,10,31,33,9,6,12,18,106,ATL
LAL,2018-04-08,0,1,UTA112-97LAL,0.398,37,93,0.200,5,25,0.818,18,22,44,12,32,20,8,4,14,22,97,UTA,UTA,2018-04-08,1,0,LAL97-112UTA,0.506,42,83,0.361,13,36,0.682,15,22,45,7,38,35,8,4,18,24,112,LAL
UTA,2018-04-08,1,0,LAL97-112UTA,0.506,42,83,0.361,13,36,0.682,15,22,45,7,38,35,8,4,18,24,112,LAL,LAL,2018-04-08,0,1,UTA112-97LAL,0.398,37,93,0.200,5,25,0.818,18,22,44,12,32,20,8,4,14,22,97,UTA
PHI,2018-04-08,1,1,DAL97-109PHI,0.505,46,91,0.296,8,27,0.643,9,14,52,9,43,32,9,4,11,19,109,DAL,DAL,2018-04-08,0,0,PHI109-97DAL,0.426,40,94,0.275,11,40,0.462,6,13,43,10,33,24,6,6,12,9,97,PHI
DAL,2018-04-08,0,0,PHI109-97DAL,0.426,40,94,0.275,11,40,0.462,6,13,43,10,33,24,6,6,12,9,97,PHI,PHI,2018-04-08,1,1,DAL97-109PHI,0.505,46,91,0.296,8,27,0.643,9,14,52,9,43,32,9,4,11,19,109,DAL
PHX,2018-04-08,0,1,GSW117-100PHX,0.424,39,92,0.286,10,35,0.750,12,16,44,8,36,24,4,0,15,16,100,GSW,GSW,2018-04-08,1,0,PHX100-117GSW,0.522,47,90,0.406,13,32,0.667,10,15,41,5,36,27,9,7,11,15,117,PHX
CHA,2018-04-08,0,1,IND123-117CHA,0.500,40,80,0.367,11,30,0.867,26,30,36,5,31,27,6,3,21,17,117,IND,IND,2018-04-08,1,0,CHA117-123IND,0.538,50,93,0.360,9,25,0.778,14,18,39,7,32,27,11,1,15,22,123,CHA
GSW,2018-04-08,1,0,PHX100-117GSW,0.522,47,90,0.406,13,32,0.667,10,15,41,5,36,27,9,7,11,15,117,PHX,PHX,2018-04-08,0,1,GSW117-100PHX,0.424,39,92,0.286,10,35,0.750,12,16,44,8,36,24,4,0,15,16,100,GSW
SAS,2018-04-09,1,1,SAC85-98SAS,0.415,34,82,0.222,6,27,0.828,24,29,45,11,34,18,6,6,8,14,98,SAC,SAC,2018-04-09,0,0,SAS98-85SAC,0.407,33,81,0.444,8,18,0.647,11,17,45,12,33,16,4,2,12,24,85,SAS
CHI,2018-04-09,0,0,BKN114-105CHI,0.483,43,89,0.429,12,28,0.583,7,12,44,10,34,26,7,6,19,17,105,BKN,BKN,2018-04-09,1,1,CHI105-114BKN,0.500,41,82,0.429,18,42,0.933,14,15,38,6,32,32,8,10,18,15,114,CHI
DET,2018-04-09,0,1,TOR108-98DET,0.449,35,78,0.300,9,30,0.760,19,25,33,4,29,22,7,2,6,11,98,TOR,TOR,2018-04-09,1,0,DET98-108TOR,0.529,46,87,0.308,12,39,1.000,4,4,48,8,40,27,3,5,10,17,108,DET
CLE,2018-04-09,1,0,NYK109-123CLE,0.471,40,85,0.422,19,45,0.857,24,28,42,7,35,29,9,2,11,15,123,NYK,NYK,2018-04-09,0,1,CLE123-109NYK,0.529,46,87,0.367,11,30,0.500,6,12,37,8,29,26,4,7,14,20,109,CLE
NYK,2018-04-09,0,1,CLE123-109NYK,0.529,46,87,0.367,11,30,0.500,6,12,37,8,29,26,4,7,14,20,109,CLE,CLE,2018-04-09,1,0,NYK109-123CLE,0.471,40,85,0.422,19,45,0.857,24,28,42,7,35,29,9,2,11,15,123,NYK
SAC,2018-04-09,0,0,SAS98-85SAC,0.407,33,81,0.444,8,18,0.647,11,17,45,12,33,16,4,2,12,24,85,SAS,SAS,2018-04-09,1,1,SAC85-98SAS,0.415,34,82,0.222,6,27,0.828,24,29,45,11,34,18,6,6,8,14,98,SAC
BKN,2018-04-09,1,1,CHI105-114BKN,0.500,41,82,0.429,18,42,0.933,14,15,38,6,32,32,8,10,18,15,114,CHI,CHI,2018-04-09,0,0,BKN114-105CHI,0.483,43,89,0.429,12,28,0.583,7,12,44,10,34,26,7,6,19,17,105,BKN
OKC,2018-04-09,1,0,MIA93-115OKC,0.432,35,81,0.400,14,35,0.816,31,38,43,7,36,21,9,4,10,15,115,MIA,MIA,2018-04-09,0,1,OKC115-93MIA,0.460,40,87,0.227,5,22,0.571,8,14,43,8,35,21,6,4,15,24,93,OKC
MIA,2018-04-09,0,1,OKC115-93MIA,0.460,40,87,0.227,5,22,0.571,8,14,43,8,35,21,6,4,15,24,93,OKC,OKC,2018-04-09,1,0,MIA93-115OKC,0.432,35,81,0.400,14,35,0.816,31,38,43,7,36,21,9,4,10,15,115,MIA
POR,2018-04-09,0,0,DEN88-82POR,0.330,31,94,0.212,7,33,0.722,13,18,57,18,39,10,8,2,17,28,82,DEN,DEN,2018-04-09,1,1,POR82-88DEN,0.373,31,83,0.231,6,26,0.769,20,26,52,10,42,22,7,5,12,18,88,POR
NOP,2018-04-09,1,0,LAC100-113NOP,0.463,44,95,0.367,11,30,0.700,14,20,50,9,41,34,13,10,8,18,113,LAC,LAC,2018-04-09,0,1,NOP113-100LAC,0.459,45,98,0.118,2,17,0.421,8,19,61,17,44,29,6,6,16,18,100,NOP
ORL,2018-04-09,0,0,MIL102-86ORL,0.415,34,82,0.208,5,24,0.650,13,20,43,5,38,24,8,4,20,14,86,MIL,MIL,2018-04-09,1,1,ORL86-102MIL,0.429,39,91,0.346,9,26,0.833,15,18,56,12,44,26,13,2,17,18,102,ORL
MIL,2018-04-09,1,1,ORL86-102MIL,0.429,39,91,0.346,9,26,0.833,15,18,56,12,44,26,13,2,17,18,102,ORL,ORL,2018-04-09,0,0,MIL102-86ORL,0.415,34,82,0.208,5,24,0.650,13,20,43,5,38,24,8,4,20,14,86,MIL
MEM,2018-04-09,0,0,MIN113-94MEM,0.412,35,85,0.278,5,18,0.905,19,21,35,10,25,20,11,5,17,20,94,MIN,MIN,2018-04-09,1,1,MEM94-113MIN,0.483,42,87,0.318,7,22,0.846,22,26,52,18,34,27,10,7,18,18,113,MEM
MIN,2018-04-09,1,1,MEM94-113MIN,0.483,42,87,0.318,7,22,0.846,22,26,52,18,34,27,10,7,18,18,113,MEM,MEM,2018-04-09,0,0,MIN113-94MEM,0.412,35,85,0.278,5,18,0.905,19,21,35,10,25,20,11,5,17,20,94,MIN
DEN,2018-04-09,1,1,POR82-88DEN,0.373,31,83,0.231,6,26,0.769,20,26,52,10,42,22,7,5,12,18,88,POR,POR,2018-04-09,0,0,DEN88-82POR,0.330,31,94,0.212,7,33,0.722,13,18,57,18,39,10,8,2,17,28,82,DEN
LAC,2018-04-09,0,1,NOP113-100LAC,0.459,45,98,0.118,2,17,0.421,8,19,61,17,44,29,6,6,16,18,100,NOP,NOP,2018-04-09,1,0,LAC100-113NOP,0.463,44,95,0.367,11,30,0.700,14,20,50,9,41,34,13,10,8,18,113,LAC
TOR,2018-04-09,1,0,DET98-108TOR,0.529,46,87,0.308,12,39,1.000,4,4,48,8,40,27,3,5,10,17,108,DET,DET,2018-04-09,0,1,TOR108-98DET,0.449,35,78,0.300,9,30,0.760,19,25,33,4,29,22,7,2,6,11,98,TOR
GSW,2018-04-10,0,0,UTA119-79GSW,0.349,30,86,0.263,5,19,0.875,14,16,39,9,30,14,7,3,16,18,79,UTA,UTA,2018-04-10,1,1,GSW79-119UTA,0.533,48,90,0.371,13,35,0.769,10,13,54,12,42,25,10,6,15,20,119,GSW
UTA,2018-04-10,1,1,GSW79-119UTA,0.533,48,90,0.371,13,35,0.769,10,13,54,12,42,25,10,6,15,20,119,GSW,GSW,2018-04-10,0,0,UTA119-79GSW,0.349,30,86,0.263,5,19,0.875,14,16,39,9,30,14,7,3,16,18,79,UTA
DAL,2018-04-10,0,1,PHX124-97DAL,0.381,37,97,0.242,8,33,0.682,15,22,40,18,22,20,8,1,8,19,97,PHX,PHX,2018-04-10,1,0,DAL97-124PHX,0.632,48,76,0.500,13,26,0.714,15,21,46,5,41,35,5,6,15,16,124,DAL
LAL,2018-04-10,0,1,HOU105-99LAL,0.422,38,90,0.278,10,36,0.867,13,15,47,9,38,22,14,4,17,19,99,HOU,HOU,2018-04-10,1,0,LAL99-105HOU,0.420,37,88,0.340,16,47,0.938,15,16,49,8,41,19,9,5,19,19,105,LAL
WAS,2018-04-10,1,1,BOS101-113WAS,0.494,41,83,0.500,15,30,0.800,16,20,51,10,41,32,8,3,20,24,113,BOS,BOS,2018-04-10,0,0,WAS113-101BOS,0.379,33,87,0.394,13,33,0.815,22,27,44,13,31,22,14,1,17,18,101,WAS
BOS,2018-04-10,0,0,WAS113-101BOS,0.379,33,87,0.394,13,33,0.815,22,27,44,13,31,22,14,1,17,18,101,WAS,WAS,2018-04-10,1,1,BOS101-113WAS,0.494,41,83,0.500,15,30,0.800,16,20,51,10,41,32,8,3,20,24,113,BOS
PHI,2018-04-10,1,0,ATL113-121PHI,0.494,43,87,0.459,17,37,0.600,18,30,54,11,43,29,7,8,18,22,121,ATL,ATL,2018-04-10,0,1,PHI121-113ATL,0.418,41,98,0.351,13,37,0.692,18,26,39,8,31,27,10,3,10,24,113,PHI
PHX,2018-04-10,1,0,DAL97-124PHX,0.632,48,76,0.500,13,26,0.714,15,21,46,5,41,35,5,6,15,16,124,DAL,DAL,2018-04-10,0,1,PHX124-97DAL,0.381,37,97,0.242,8,33,0.682,15,22,40,18,22,20,8,1,8,19,97,PHX
CHA,2018-04-10,1,0,IND93-119CHA,0.465,46,99,0.429,18,42,0.750,9,12,55,13,42,27,5,7,7,8,119,IND,IND,2018-04-10,0,1,CHA119-93IND,0.404,40,99,0.258,8,31,0.625,5,8,53,13,40,22,3,4,8,16,93,CHA
IND,2018-04-10,0,1,CHA119-93IND,0.404,40,99,0.258,8,31,0.625,5,8,53,13,40,22,3,4,8,16,93,CHA,CHA,2018-04-10,1,0,IND93-119CHA,0.465,46,99,0.429,18,42,0.750,9,12,55,13,42,27,5,7,7,8,119,IND
HOU,2018-04-10,1,0,LAL99-105HOU,0.420,37,88,0.340,16,47,0.938,15,16,49,8,41,19,9,5,19,19,105,LAL,LAL,2018-04-10,0,1,HOU105-99LAL,0.422,38,90,0.278,10,36,0.867,13,15,47,9,38,22,14,4,17,19,99,HOU
ATL,2018-04-10,0,1,PHI121-113ATL,0.418,41,98,0.351,13,37,0.692,18,26,39,8,31,27,10,3,10,24,113,PHI,PHI,2018-04-10,1,0,ATL113-121PHI,0.494,43,87,0.459,17,37,0.600,18,30,54,11,43,29,7,8,18,22,121,ATL
BOS,2018-04-11,1,1,BKN97-110BOS,0.451,46,102,0.250,6,24,0.800,12,15,62,20,42,22,6,6,14,14,110,BKN,BKN,2018-04-11,0,0,BOS110-97BKN,0.407,37,91,0.275,11,40,0.750,12,16,44,10,34,27,10,6,16,12,97,BOS
MIA,2018-04-11,1,1,TOR109-116MIA,0.434,46,106,0.423,11,26,0.650,13,20,56,19,37,26,8,7,9,18,116,TOR,TOR,2018-04-11,0,0,MIA116-109TOR,0.457,42,92,0.300,9,30,0.762,16,21,47,9,38,24,5,10,14,24,109,MIA
CLE,2018-04-11,0,1,NYK110-98CLE,0.394,37,94,0.250,6,24,0.643,18,28,48,17,31,15,9,3,16,15,98,NYK,NYK,2018-04-11,1,0,CLE98-110NYK,0.506,43,85,0.444,12,27,0.923,12,13,39,8,31,30,10,3,15,22,110,CLE
NYK,2018-04-11,1,0,CLE98-110NYK,0.506,43,85,0.444,12,27,0.923,12,13,39,8,31,30,10,3,15,22,110,CLE,CLE,2018-04-11,0,1,NYK110-98CLE,0.394,37,94,0.250,6,24,0.643,18,28,48,17,31,15,9,3,16,15,98,NYK
NOP,2018-04-11,1,1,SAS98-122NOP,0.591,52,88,0.263,5,19,0.684,13,19,51,11,40,30,11,5,19,20,122,SAS,SAS,2018-04-11,0,0,NOP122-98SAS,0.402,37,92,0.333,8,24,0.842,16,19,38,12,26,22,9,1,17,17,98,NOP
BKN,2018-04-11,0,0,BOS110-97BKN,0.407,37,91,0.275,11,40,0.750,12,16,44,10,34,27,10,6,16,12,97,BOS,BOS,2018-04-11,1,1,BKN97-110BOS,0.451,46,102,0.250,6,24,0.800,12,15,62,20,42,22,6,6,14,14,110,BKN
DET,2018-04-11,1,0,CHI87-119DET,0.528,47,89,0.429,15,35,1.000,10,10,47,7,40,27,12,4,12,21,119,CHI,CHI,2018-04-11,0,1,DET119-87CHI,0.372,32,86,0.324,11,34,0.667,12,18,40,12,28,21,8,1,19,15,87,DET
PHI,2018-04-11,1,1,MIL95-130PHI,0.495,52,105,0.417,15,36,0.733,11,15,57,17,40,35,15,7,12,17,130,MIL,MIL,2018-04-11,0,0,PHI130-95MIL,0.411,37,90,0.280,7,25,0.875,14,16,43,10,33,22,6,5,20,17,95,PHI
MIL,2018-04-11,0,0,PHI130-95MIL,0.411,37,90,0.280,7,25,0.875,14,16,43,10,33,22,6,5,20,17,95,PHI,PHI,2018-04-11,1,1,MIL95-130PHI,0.495,52,105,0.417,15,36,0.733,11,15,57,17,40,35,15,7,12,17,130,MIL
CHI,2018-04-11,0,1,DET119-87CHI,0.372,32,86,0.324,11,34,0.667,12,18,40,12,28,21,8,1,19,15,87,DET,DET,2018-04-11,1,0,CHI87-119DET,0.528,47,89,0.429,15,35,1.000,10,10,47,7,40,27,12,4,12,21,119,CHI
UTA,2018-04-11,0,0,POR102-93UTA,0.371,33,89,0.348,8,23,0.792,19,24,53,14,39,18,5,7,15,19,93,POR,POR,2018-04-11,1,1,UTA93-102POR,0.461,41,89,0.375,9,24,0.688,11,16,46,7,39,19,9,9,10,22,102,UTA
SAS,2018-04-11,0,0,NOP122-98SAS,0.402,37,92,0.333,8,24,0.842,16,19,38,12,26,22,9,1,17,17,98,NOP,NOP,2018-04-11,1,1,SAS98-122NOP,0.591,52,88,0.263,5,19,0.684,13,19,51,11,40,30,11,5,19,20,122,SAS
TOR,2018-04-11,0,0,MIA116-109TOR,0.457,42,92,0.300,9,30,0.762,16,21,47,9,38,24,5,10,14,24,109,MIA,MIA,2018-04-11,1,1,TOR109-116MIA,0.434,46,106,0.423,11,26,0.650,13,20,56,19,37,26,8,7,9,18,116,TOR
MEM,2018-04-11,0,0,OKC137-123MEM,0.484,44,91,0.419,13,31,0.917,22,24,41,9,32,22,9,2,13,22,123,OKC,OKC,2018-04-11,1,1,MEM123-137OKC,0.553,47,85,0.465,20,43,0.719,23,32,45,8,37,32,8,3,14,23,137,MEM
SAC,2018-04-11,1,1,HOU83-96SAC,0.475,38,80,0.269,7,26,0.650,13,20,48,6,42,22,6,3,11,14,96,HOU,HOU,2018-04-11,0,0,SAC96-83HOU,0.378,31,82,0.283,13,46,0.667,8,12,40,8,32,11,2,6,14,24,83,SAC
OKC,2018-04-11,1,1,MEM123-137OKC,0.553,47,85,0.465,20,43,0.719,23,32,45,8,37,32,8,3,14,23,137,MEM,MEM,2018-04-11,0,0,OKC137-123MEM,0.484,44,91,0.419,13,31,0.917,22,24,41,9,32,22,9,2,13,22,123,OKC
DEN,2018-04-11,0,0,MIN112-106DEN,0.456,41,90,0.406,13,32,0.611,11,18,47,10,37,19,4,4,15,22,106,MIN,MIN,2018-04-11,1,1,DEN106-112MIN,0.472,42,89,0.391,9,23,0.760,19,25,40,8,32,24,10,2,8,19,112,DEN
WAS,2018-04-11,0,0,ORL101-92WAS,0.347,33,95,0.294,10,34,0.593,16,27,50,18,32,17,5,1,12,25,92,ORL,ORL,2018-04-11,1,1,WAS92-101ORL,0.429,33,77,0.406,13,32,0.815,22,27,42,6,36,20,6,7,16,27,101,WAS
MIN,2018-04-11,1,1,DEN106-112MIN,0.472,42,89,0.391,9,23,0.760,19,25,40,8,32,24,10,2,8,19,112,DEN,DEN,2018-04-11,0,0,MIN112-106DEN,0.456,41,90,0.406,13,32,0.611,11,18,47,10,37,19,4,4,15,22,106,MIN
LAL,2018-04-11,1,0,LAC100-115LAL,0.477,42,88,0.436,17,39,0.875,14,16,49,10,39,25,8,6,17,23,115,LAC,LAC,2018-04-11,0,1,LAL115-100LAC,0.494,41,83,0.333,6,18,0.429,12,28,41,8,33,27,8,1,17,17,100,LAL
LAC,2018-04-11,0,1,LAL115-100LAC,0.494,41,83,0.333,6,18,0.429,12,28,41,8,33,27,8,1,17,17,100,LAL,LAL,2018-04-11,1,0,LAC100-115LAL,0.477,42,88,0.436,17,39,0.875,14,16,49,10,39,25,8,6,17,23,115,LAC
POR,2018-04-11,1,1,UTA93-102POR,0.461,41,89,0.375,9,24,0.688,11,16,46,7,39,19,9,9,10,22,102,UTA,UTA,2018-04-11,0,0,POR102-93UTA,0.371,33,89,0.348,8,23,0.792,19,24,53,14,39,18,5,7,15,19,93,POR
HOU,2018-04-11,0,0,SAC96-83HOU,0.378,31,82,0.283,13,46,0.667,8,12,40,8,32,11,2,6,14,24,83,SAC,SAC,2018-04-11,1,1,HOU83-96SAC,0.475,38,80,0.269,7,26,0.650,13,20,48,6,42,22,6,3,11,14,96,HOU
ORL,2018-04-11,1,1,WAS92-101ORL,0.429,33,77,0.406,13,32,0.815,22,27,42,6,36,20,6,7,16,27,101,WAS,WAS,2018-04-11,0,0,ORL101-92WAS,0.347,33,95,0.294,10,34,0.593,16,27,50,18,32,17,5,1,12,25,92,ORL
MIA,2018-04-14,0,0,PHI130-103MIA,0.455,35,77,0.462,12,26,0.677,21,31,41,9,32,25,4,6,18,25,103,PHI,PHI,2018-04-14,1,1,MIA103-130PHI,0.474,45,95,0.643,18,28,0.759,22,29,50,17,33,34,9,4,11,23,130,MIA
GSW,2018-04-14,1,1,SAS92-113GSW,0.543,44,81,0.455,10,22,0.682,15,22,51,10,41,32,6,6,15,18,113,SAS,SAS,2018-04-14,0,0,GSW113-92SAS,0.400,32,80,0.409,9,22,0.792,19,24,30,3,27,19,9,4,13,20,92,GSW
SAS,2018-04-14,0,0,GSW113-92SAS,0.400,32,80,0.409,9,22,0.792,19,24,30,3,27,19,9,4,13,20,92,GSW,GSW,2018-04-14,1,1,SAS92-113GSW,0.543,44,81,0.455,10,22,0.682,15,22,51,10,41,32,6,6,15,18,113,SAS
PHI,2018-04-14,1,1,MIA103-130PHI,0.474,45,95,0.643,18,28,0.759,22,29,50,17,33,34,9,4,11,23,130,MIA,MIA,2018-04-14,0,0,PHI130-103MIA,0.455,35,77,0.462,12,26,0.677,21,31,41,9,32,25,4,6,18,25,103,PHI
NOP,2018-04-14,1,0,POR95-97NOP,0.477,41,86,0.333,8,24,0.700,7,10,49,7,42,26,8,12,15,17,97,POR,POR,2018-04-14,0,1,NOP97-95POR,0.378,37,98,0.308,12,39,0.750,9,12,52,15,37,17,10,6,12,15,95,NOP
TOR,2018-04-14,1,1,WAS106-114TOR,0.532,41,77,0.533,16,30,0.800,16,20,38,5,33,26,6,7,17,18,114,WAS,WAS,2018-04-14,0,0,TOR114-106WAS,0.477,41,86,0.381,8,21,0.889,16,18,35,6,29,29,11,3,14,21,106,TOR
WAS,2018-04-14,0,0,TOR114-106WAS,0.477,41,86,0.381,8,21,0.889,16,18,35,6,29,29,11,3,14,21,106,TOR,TOR,2018-04-14,1,1,WAS106-114TOR,0.532,41,77,0.533,16,30,0.800,16,20,38,5,33,26,6,7,17,18,114,WAS
POR,2018-04-14,0,1,NOP97-95POR,0.378,37,98,0.308,12,39,0.750,9,12,52,15,37,17,10,6,12,15,95,NOP,NOP,2018-04-14,1,0,POR95-97NOP,0.477,41,86,0.333,8,24,0.700,7,10,49,7,42,26,8,12,15,17,97,POR
MIL,2018-04-15,0,0,BOS113-107MIL,0.482,40,83,0.381,8,21,0.792,19,24,42,5,37,22,8,8,20,31,107,BOS,BOS,2018-04-15,1,1,MIL107-113BOS,0.415,39,94,0.423,11,26,0.889,24,27,45,11,34,20,8,5,15,21,113,MIL
BOS,2018-04-15,1,1,MIL107-113BOS,0.415,39,94,0.423,11,26,0.889,24,27,45,11,34,20,8,5,15,21,113,MIL,MIL,2018-04-15,0,0,BOS113-107MIL,0.482,40,83,0.381,8,21,0.792,19,24,42,5,37,22,8,8,20,31,107,BOS
IND,2018-04-15,1,0,CLE80-98IND,0.456,36,79,0.393,11,28,0.600,15,25,44,8,36,19,12,4,11,21,98,CLE,CLE,2018-04-15,0,1,IND98-80CLE,0.385,30,78,0.235,8,34,0.600,12,20,46,9,37,21,7,4,17,23,80,IND
UTA,2018-04-15,0,0,OKC116-108UTA,0.471,41,87,0.393,11,28,0.750,15,20,42,9,33,18,10,7,14,21,108,OKC,OKC,2018-04-15,1,1,UTA108-116OKC,0.482,41,85,0.483,14,29,0.870,20,23,46,9,37,16,8,5,17,19,116,UTA
HOU,2018-04-15,1,1,MIN101-104HOU,0.470,39,83,0.270,10,37,0.696,16,23,37,8,29,15,8,8,11,19,104,MIN,MIN,2018-04-15,0,0,HOU104-101MIN,0.438,35,80,0.348,8,23,0.821,23,28,47,11,36,22,3,2,14,19,101,HOU
MIN,2018-04-15,0,0,HOU104-101MIN,0.438,35,80,0.348,8,23,0.821,23,28,47,11,36,22,3,2,14,19,101,HOU,HOU,2018-04-15,1,1,MIN101-104HOU,0.470,39,83,0.270,10,37,0.696,16,23,37,8,29,15,8,8,11,19,104,MIN
OKC,2018-04-15,1,1,UTA108-116OKC,0.482,41,85,0.483,14,29,0.870,20,23,46,9,37,16,8,5,17,19,116,UTA,UTA,2018-04-15,0,0,OKC116-108UTA,0.471,41,87,0.393,11,28,0.750,15,20,42,9,33,18,10,7,14,21,108,OKC
CLE,2018-04-15,0,1,IND98-80CLE,0.385,30,78,0.235,8,34,0.600,12,20,46,9,37,21,7,4,17,23,80,IND,IND,2018-04-15,1,0,CLE80-98IND,0.456,36,79,0.393,11,28,0.600,15,25,44,8,36,19,12,4,11,21,98,CLE
SAS,2018-04-16,0,0,GSW116-101SAS,0.412,35,85,0.143,4,28,0.900,27,30,35,9,26,16,10,2,9,21,101,GSW,GSW,2018-04-16,1,1,SAS101-116GSW,0.526,41,78,0.484,15,31,0.950,19,20,39,6,33,32,5,5,15,24,116,SAS
PHI,2018-04-16,0,1,MIA113-103PHI,0.417,40,96,0.194,7,36,0.727,16,22,49,17,32,22,7,5,15,26,103,MIA,MIA,2018-04-16,1,0,PHI103-113MIA,0.488,40,82,0.360,9,25,0.800,24,30,46,11,35,23,8,7,15,27,113,PHI
MIA,2018-04-16,1,0,PHI103-113MIA,0.488,40,82,0.360,9,25,0.800,24,30,46,11,35,23,8,7,15,27,113,PHI,PHI,2018-04-16,0,1,MIA113-103PHI,0.417,40,96,0.194,7,36,0.727,16,22,49,17,32,22,7,5,15,26,103,MIA
GSW,2018-04-16,1,1,SAS101-116GSW,0.526,41,78,0.484,15,31,0.950,19,20,39,6,33,32,5,5,15,24,116,SAS,SAS,2018-04-16,0,0,GSW116-101SAS,0.412,35,85,0.143,4,28,0.900,27,30,35,9,26,16,10,2,9,21,101,GSW
MIL,2018-04-17,0,0,BOS120-106MIL,0.597,46,77,0.412,7,17,0.412,7,17,38,7,31,19,3,4,15,19,106,BOS,BOS,2018-04-17,1,1,MIL106-120BOS,0.533,48,90,0.419,13,31,0.611,11,18,38,9,29,24,10,6,7,16,120,MIL
TOR,2018-04-17,1,1,WAS119-130TOR,0.517,45,87,0.371,13,35,0.818,27,33,48,9,39,24,5,8,14,27,130,WAS,WAS,2018-04-17,0,0,TOR130-119WAS,0.488,42,86,0.455,10,22,0.893,25,28,34,4,30,26,7,3,9,24,119,TOR
WAS,2018-04-17,0,0,TOR130-119WAS,0.488,42,86,0.455,10,22,0.893,25,28,34,4,30,26,7,3,9,24,119,TOR,TOR,2018-04-17,1,1,WAS119-130TOR,0.517,45,87,0.371,13,35,0.818,27,33,48,9,39,24,5,8,14,27,130,WAS
POR,2018-04-17,0,1,NOP111-102POR,0.451,41,91,0.375,12,32,0.800,8,10,45,13,32,20,5,4,16,20,102,NOP,NOP,2018-04-17,1,0,POR102-111NOP,0.512,43,84,0.500,12,24,0.684,13,19,43,10,33,25,4,4,14,17,111,POR
NOP,2018-04-17,1,0,POR102-111NOP,0.512,43,84,0.500,12,24,0.684,13,19,43,10,33,25,4,4,14,17,111,POR,POR,2018-04-17,0,1,NOP111-102POR,0.451,41,91,0.375,12,32,0.800,8,10,45,13,32,20,5,4,16,20,102,NOP
BOS,2018-04-17,1,1,MIL106-120BOS,0.533,48,90,0.419,13,31,0.611,11,18,38,9,29,24,10,6,7,16,120,MIL,MIL,2018-04-17,0,0,BOS120-106MIL,0.597,46,77,0.412,7,17,0.412,7,17,38,7,31,19,3,4,15,19,106,BOS
OKC,2018-04-18,0,1,UTA102-95OKC,0.400,36,90,0.314,11,35,0.667,12,18,46,10,36,22,11,4,13,25,95,UTA,UTA,2018-04-18,1,0,OKC95-102UTA,0.417,35,84,0.310,9,29,0.697,23,33,56,15,41,22,9,3,16,19,102,OKC
UTA,2018-04-18,1,0,OKC95-102UTA,0.417,35,84,0.310,9,29,0.697,23,33,56,15,41,22,9,3,16,19,102,OKC,OKC,2018-04-18,0,1,UTA102-95OKC,0.400,36,90,0.314,11,35,0.667,12,18,46,10,36,22,11,4,13,25,95,UTA
MIN,2018-04-18,0,0,HOU102-82MIN,0.388,31,80,0.278,5,18,0.714,15,21,52,9,43,15,7,7,16,16,82,HOU,HOU,2018-04-18,1,1,MIN82-102HOU,0.365,35,96,0.308,16,52,0.762,16,21,54,12,42,22,8,9,9,17,102,MIN
HOU,2018-04-18,1,1,MIN82-102HOU,0.365,35,96,0.308,16,52,0.762,16,21,54,12,42,22,8,9,9,17,102,MIN,MIN,2018-04-18,0,0,HOU102-82MIN,0.388,31,80,0.278,5,18,0.714,15,21,52,9,43,15,7,7,16,16,82,HOU
CLE,2018-04-18,1,1,IND97-100CLE,0.507,37,73,0.393,11,28,0.682,15,22,30,6,24,15,8,2,15,19,100,IND,IND,2018-04-18,0,0,CLE100-97IND,0.526,41,78,0.273,6,22,0.750,9,12,36,5,31,22,8,3,17,23,97,CLE
IND,2018-04-18,0,0,CLE100-97IND,0.526,41,78,0.273,6,22,0.750,9,12,36,5,31,22,8,3,17,23,97,CLE,CLE,2018-04-18,1,1,IND97-100CLE,0.507,37,73,0.393,11,28,0.682,15,22,30,6,24,15,8,2,15,19,100,IND
GSW,2018-04-19,1,0,SAS97-110GSW,0.512,42,82,0.313,10,32,0.889,16,18,39,4,35,26,8,7,10,16,110,SAS,SAS,2018-04-19,0,1,GSW110-97SAS,0.425,37,87,0.212,7,33,0.800,16,20,41,10,31,19,8,5,12,21,97,GSW
PHI,2018-04-19,1,0,MIA108-128PHI,0.506,41,81,0.529,18,34,0.757,28,37,41,6,35,28,10,5,12,26,128,MIA,MIA,2018-04-19,0,1,PHI128-108MIA,0.452,33,73,0.485,16,33,0.743,26,35,35,5,30,26,7,9,15,30,108,PHI
MIA,2018-04-19,0,1,PHI128-108MIA,0.452,33,73,0.485,16,33,0.743,26,35,35,5,30,26,7,9,15,30,108,PHI,PHI,2018-04-19,1,0,MIA108-128PHI,0.506,41,81,0.529,18,34,0.757,28,37,41,6,35,28,10,5,12,26,128,MIA
NOP,2018-04-19,1,1,POR102-119NOP,0.529,46,87,0.407,11,27,0.842,16,19,38,6,32,27,16,4,13,23,119,POR,POR,2018-04-19,0,0,NOP119-102POR,0.463,37,80,0.290,9,31,0.760,19,25,44,11,33,19,10,3,24,19,102,NOP
POR,2018-04-19,0,0,NOP119-102POR,0.463,37,80,0.290,9,31,0.760,19,25,44,11,33,19,10,3,24,19,102,NOP,NOP,2018-04-19,1,1,POR102-119NOP,0.529,46,87,0.407,11,27,0.842,16,19,38,6,32,27,16,4,13,23,119,POR
SAS,2018-04-19,0,1,GSW110-97SAS,0.425,37,87,0.212,7,33,0.800,16,20,41,10,31,19,8,5,12,21,97,GSW,GSW,2018-04-19,1,0,SAS97-110GSW,0.512,42,82,0.313,10,32,0.889,16,18,39,4,35,26,8,7,10,16,110,SAS
MIL,2018-04-20,1,1,BOS92-116MIL,0.570,45,79,0.485,16,33,0.667,10,15,37,7,30,28,8,12,9,27,116,BOS,BOS,2018-04-20,0,0,MIL116-92BOS,0.400,32,80,0.333,8,24,0.714,20,28,45,17,28,17,3,1,18,15,92,MIL
TOR,2018-04-20,0,0,WAS122-103TOR,0.451,37,82,0.429,12,28,0.895,17,19,34,8,26,20,8,4,19,19,103,WAS,WAS,2018-04-20,1,1,TOR103-122WAS,0.553,47,85,0.435,10,23,0.900,18,20,39,7,32,29,10,8,13,21,122,TOR
WAS,2018-04-20,1,1,TOR103-122WAS,0.553,47,85,0.435,10,23,0.900,18,20,39,7,32,29,10,8,13,21,122,TOR,TOR,2018-04-20,0,0,WAS122-103TOR,0.451,37,82,0.429,12,28,0.895,17,19,34,8,26,20,8,4,19,19,103,WAS
BOS,2018-04-20,0,0,MIL116-92BOS,0.400,32,80,0.333,8,24,0.714,20,28,45,17,28,17,3,1,18,15,92,MIL,MIL,2018-04-20,1,1,BOS92-116MIL,0.570,45,79,0.485,16,33,0.667,10,15,37,7,30,28,8,12,9,27,116,BOS
CLE,2018-04-20,0,0,IND92-90CLE,0.442,34,77,0.313,10,32,0.750,12,16,36,9,27,17,11,3,17,23,90,IND,IND,2018-04-20,1,1,CLE90-92IND,0.466,34,73,0.308,8,26,0.800,16,20,37,7,30,17,8,3,20,22,92,CLE
IND,2018-04-20,1,1,CLE90-92IND,0.466,34,73,0.308,8,26,0.800,16,20,37,7,30,17,8,3,20,22,92,CLE,CLE,2018-04-20,0,0,IND92-90CLE,0.442,34,77,0.313,10,32,0.750,12,16,36,9,27,17,11,3,17,23,90,IND
PHI,2018-04-21,1,0,MIA102-106PHI,0.429,36,84,0.226,7,31,0.771,27,35,57,17,40,22,12,5,27,25,106,MIA,MIA,2018-04-21,0,1,PHI106-102MIA,0.436,41,94,0.368,7,19,0.520,13,25,43,13,30,21,18,4,19,32,102,PHI
NOP,2018-04-21,1,1,POR123-131NOP,0.577,45,78,0.360,9,25,0.821,32,39,43,7,36,28,5,6,14,21,131,POR,POR,2018-04-21,0,0,NOP131-123POR,0.526,50,95,0.370,10,27,0.813,13,16,33,6,27,20,8,2,6,28,123,NOP
UTA,2018-04-21,1,1,OKC102-115UTA,0.525,42,80,0.382,13,34,0.667,18,27,48,13,35,24,12,5,19,20,115,OKC,OKC,2018-04-21,0,0,UTA115-102OKC,0.474,37,78,0.500,14,28,0.737,14,19,33,6,27,17,11,3,17,23,102,UTA
MIA,2018-04-21,0,1,PHI106-102MIA,0.436,41,94,0.368,7,19,0.520,13,25,43,13,30,21,18,4,19,32,102,PHI,PHI,2018-04-21,1,0,MIA102-106PHI,0.429,36,84,0.226,7,31,0.771,27,35,57,17,40,22,12,5,27,25,106,MIA
HOU,2018-04-21,0,0,MIN121-105HOU,0.457,37,81,0.366,15,41,0.640,16,25,39,7,32,18,4,3,10,18,105,MIN,MIN,2018-04-21,1,1,HOU105-121MIN,0.500,45,90,0.556,15,27,0.727,16,22,41,8,33,29,9,3,7,16,121,HOU
POR,2018-04-21,0,0,NOP131-123POR,0.526,50,95,0.370,10,27,0.813,13,16,33,6,27,20,8,2,6,28,123,NOP,NOP,2018-04-21,1,1,POR123-131NOP,0.577,45,78,0.360,9,25,0.821,32,39,43,7,36,28,5,6,14,21,131,POR
MIN,2018-04-21,1,1,HOU105-121MIN,0.500,45,90,0.556,15,27,0.727,16,22,41,8,33,29,9,3,7,16,121,HOU,HOU,2018-04-21,0,0,MIN121-105HOU,0.457,37,81,0.366,15,41,0.640,16,25,39,7,32,18,4,3,10,18,105,MIN
OKC,2018-04-21,0,0,UTA115-102OKC,0.474,37,78,0.500,14,28,0.737,14,19,33,6,27,17,11,3,17,23,102,UTA,UTA,2018-04-21,1,1,OKC102-115UTA,0.525,42,80,0.382,13,34,0.667,18,27,48,13,35,24,12,5,19,20,115,OKC
SAS,2018-04-22,1,1,GSW90-103SAS,0.457,37,81,0.536,15,28,0.737,14,19,34,7,27,20,6,4,8,18,103,GSW,GSW,2018-04-22,0,0,SAS103-90GSW,0.378,34,90,0.250,7,28,0.882,15,17,61,24,37,19,6,2,18,22,90,SAS
GSW,2018-04-22,0,0,SAS103-90GSW,0.378,34,90,0.250,7,28,0.882,15,17,61,24,37,19,6,2,18,22,90,SAS,SAS,2018-04-22,1,1,GSW90-103SAS,0.457,37,81,0.536,15,28,0.737,14,19,34,7,27,20,6,4,8,18,103,GSW
IND,2018-04-22,0,1,CLE104-100IND,0.430,40,93,0.364,12,33,0.615,8,13,47,11,36,25,7,5,9,19,100,CLE,CLE,2018-04-22,1,0,IND100-104CLE,0.449,35,78,0.353,12,34,0.846,22,26,45,8,37,17,4,7,11,18,104,IND
CLE,2018-04-22,1,0,IND100-104CLE,0.449,35,78,0.353,12,34,0.846,22,26,45,8,37,17,4,7,11,18,104,IND,IND,2018-04-22,0,1,CLE104-100IND,0.430,40,93,0.364,12,33,0.615,8,13,47,11,36,25,7,5,9,19,100,CLE
TOR,2018-04-22,0,0,WAS106-98TOR,0.430,34,79,0.389,7,18,0.767,23,30,41,9,32,19,9,7,18,26,98,WAS,WAS,2018-04-22,1,1,TOR98-106WAS,0.459,39,85,0.412,7,17,0.677,21,31,40,9,31,23,10,8,13,23,106,TOR
WAS,2018-04-22,1,1,TOR98-106WAS,0.459,39,85,0.412,7,17,0.677,21,31,40,9,31,23,10,8,13,23,106,TOR,TOR,2018-04-22,0,0,WAS106-98TOR,0.430,34,79,0.389,7,18,0.767,23,30,41,9,32,19,9,7,18,26,98,WAS
BOS,2018-04-22,0,0,MIL104-102BOS,0.414,36,87,0.345,10,29,0.800,20,25,43,16,27,22,6,3,9,21,102,MIL,MIL,2018-04-22,1,1,BOS102-104MIL,0.521,38,73,0.435,10,23,0.750,18,24,36,2,34,24,7,14,10,24,104,BOS
MIL,2018-04-22,1,1,BOS102-104MIL,0.521,38,73,0.435,10,23,0.750,18,24,36,2,34,24,7,14,10,24,104,BOS,BOS,2018-04-22,0,0,MIL104-102BOS,0.414,36,87,0.345,10,29,0.800,20,25,43,16,27,22,6,3,9,21,102,MIL
MIN,2018-04-23,0,1,HOU119-100MIN,0.464,39,84,0.364,8,22,0.609,14,23,48,10,38,23,4,1,17,22,100,HOU,HOU,2018-04-23,1,0,MIN100-119HOU,0.435,40,92,0.372,16,43,0.885,23,26,46,10,36,20,11,6,7,17,119,MIN
HOU,2018-04-23,1,0,MIN100-119HOU,0.435,40,92,0.372,16,43,0.885,23,26,46,10,36,20,11,6,7,17,119,MIN,MIN,2018-04-23,0,1,HOU119-100MIN,0.464,39,84,0.364,8,22,0.609,14,23,48,10,38,23,4,1,17,22,100,HOU
OKC,2018-04-23,0,0,UTA113-96OKC,0.393,33,84,0.192,5,26,0.833,25,30,46,9,37,10,8,6,15,21,96,UTA,UTA,2018-04-23,1,1,OKC96-113UTA,0.451,41,91,0.353,12,34,0.704,19,27,49,10,39,21,7,7,12,23,113,OKC
UTA,2018-04-23,1,1,OKC96-113UTA,0.451,41,91,0.353,12,34,0.704,19,27,49,10,39,21,7,7,12,23,113,OKC,OKC,2018-04-23,0,0,UTA113-96OKC,0.393,33,84,0.192,5,26,0.833,25,30,46,9,37,10,8,6,15,21,96,UTA
MIA,2018-04-24,0,0,PHI104-91MIA,0.386,34,88,0.286,10,35,0.591,13,22,40,10,30,24,7,6,13,32,91,PHI,PHI,2018-04-24,1,1,MIA91-104PHI,0.420,34,81,0.250,7,28,0.806,29,36,53,9,44,27,7,2,15,20,104,MIA
SAS,2018-04-24,0,0,GSW99-91SAS,0.372,32,86,0.233,7,30,0.909,20,22,48,13,35,21,5,0,13,22,91,GSW,GSW,2018-04-24,1,1,SAS91-99GSW,0.446,37,83,0.185,5,27,0.800,20,25,47,8,39,25,5,5,10,19,99,SAS
MIL,2018-04-24,0,0,BOS92-87MIL,0.368,32,87,0.273,9,33,0.700,14,20,37,7,30,21,10,3,11,23,87,BOS,BOS,2018-04-24,1,1,MIL87-92BOS,0.420,29,69,0.323,10,31,0.750,24,32,50,5,45,22,7,7,18,21,92,MIL
BOS,2018-04-24,1,1,MIL87-92BOS,0.420,29,69,0.323,10,31,0.750,24,32,50,5,45,22,7,7,18,21,92,MIL,MIL,2018-04-24,0,0,BOS92-87MIL,0.368,32,87,0.273,9,33,0.700,14,20,37,7,30,21,10,3,11,23,87,BOS
GSW,2018-04-24,1,1,SAS91-99GSW,0.446,37,83,0.185,5,27,0.800,20,25,47,8,39,25,5,5,10,19,99,SAS,SAS,2018-04-24,0,0,GSW99-91SAS,0.372,32,86,0.233,7,30,0.909,20,22,48,13,35,21,5,0,13,22,91,GSW
PHI,2018-04-24,1,1,MIA91-104PHI,0.420,34,81,0.250,7,28,0.806,29,36,53,9,44,27,7,2,15,20,104,MIA,MIA,2018-04-24,0,0,PHI104-91MIA,0.386,34,88,0.286,10,35,0.591,13,22,40,10,30,24,7,6,13,32,91,PHI
CLE,2018-04-25,1,1,IND95-98CLE,0.413,31,75,0.313,10,32,0.963,26,27,37,10,27,16,6,3,14,21,98,IND,IND,2018-04-25,0,0,CLE98-95IND,0.479,34,71,0.300,6,20,0.778,21,27,34,7,27,23,7,3,17,22,95,CLE
MIN,2018-04-25,0,0,HOU122-104MIN,0.506,40,79,0.474,9,19,0.750,15,20,38,5,33,23,2,3,9,18,104,HOU,HOU,2018-04-25,1,1,MIN104-122HOU,0.511,45,88,0.409,18,44,0.737,14,19,40,8,32,29,3,5,5,17,122,MIN
IND,2018-04-25,0,0,CLE98-95IND,0.479,34,71,0.300,6,20,0.778,21,27,34,7,27,23,7,3,17,22,95,CLE,CLE,2018-04-25,1,1,IND95-98CLE,0.413,31,75,0.313,10,32,0.963,26,27,37,10,27,16,6,3,14,21,98,IND
HOU,2018-04-25,1,1,MIN104-122HOU,0.511,45,88,0.409,18,44,0.737,14,19,40,8,32,29,3,5,5,17,122,MIN,MIN,2018-04-25,0,0,HOU122-104MIN,0.506,40,79,0.474,9,19,0.750,15,20,38,5,33,23,2,3,9,18,104,HOU
WAS,2018-04-25,0,0,TOR108-98WAS,0.411,37,90,0.192,5,26,0.864,19,22,50,14,36,21,6,4,18,18,98,TOR,TOR,2018-04-25,1,1,WAS98-108TOR,0.463,38,82,0.440,11,25,0.750,21,28,35,6,29,26,9,5,10,18,108,WAS
TOR,2018-04-25,1,1,WAS98-108TOR,0.463,38,82,0.440,11,25,0.750,21,28,35,6,29,26,9,5,10,18,108,WAS,WAS,2018-04-25,0,0,TOR108-98WAS,0.411,37,90,0.192,5,26,0.864,19,22,50,14,36,21,6,4,18,18,98,TOR
OKC,2018-04-25,1,1,UTA99-107OKC,0.438,39,89,0.429,9,21,0.833,20,24,44,7,37,13,9,3,9,21,107,UTA,UTA,2018-04-25,0,0,OKC107-99UTA,0.407,33,81,0.342,13,38,0.769,20,26,46,10,36,19,5,6,17,24,99,OKC
UTA,2018-04-25,0,0,OKC107-99UTA,0.407,33,81,0.342,13,38,0.769,20,26,46,10,36,19,5,6,17,24,99,OKC,OKC,2018-04-25,1,1,UTA99-107OKC,0.438,39,89,0.429,9,21,0.833,20,24,44,7,37,13,9,3,9,21,107,UTA
BOS,2018-04-26,0,0,MIL97-86BOS,0.370,30,81,0.278,10,36,0.842,16,19,39,6,33,18,3,3,9,19,86,MIL,MIL,2018-04-26,1,1,BOS86-97MIL,0.507,38,75,0.308,8,26,0.619,13,21,48,7,41,19,6,3,11,16,97,BOS
MIL,2018-04-26,1,1,BOS86-97MIL,0.507,38,75,0.308,8,26,0.619,13,21,48,7,41,19,6,3,11,16,97,BOS,BOS,2018-04-26,0,0,MIL97-86BOS,0.370,30,81,0.278,10,36,0.842,16,19,39,6,33,18,3,3,9,19,86,MIL
TOR,2018-04-27,1,0,WAS92-102TOR,0.444,40,90,0.280,7,25,0.789,15,19,47,16,31,18,8,6,7,20,102,WAS,WAS,2018-04-27,0,1,TOR102-92WAS,0.405,32,79,0.364,8,22,0.952,20,21,42,11,31,12,3,5,14,19,92,TOR
UTA,2018-04-27,1,1,OKC91-96UTA,0.451,37,82,0.385,10,26,0.522,12,23,40,11,29,16,9,5,13,17,96,OKC,OKC,2018-04-27,0,0,UTA96-91OKC,0.398,37,93,0.294,10,34,0.538,7,13,49,15,34,20,6,4,13,21,91,UTA
IND,2018-04-27,1,1,CLE87-121IND,0.563,49,87,0.500,15,30,0.571,8,14,45,9,36,27,9,1,7,18,121,CLE,CLE,2018-04-27,0,0,IND121-87CLE,0.418,33,79,0.316,12,38,0.563,9,16,33,7,26,16,4,2,15,17,87,IND
OKC,2018-04-27,0,0,UTA96-91OKC,0.398,37,93,0.294,10,34,0.538,7,13,49,15,34,20,6,4,13,21,91,UTA,UTA,2018-04-27,1,1,OKC91-96UTA,0.451,37,82,0.385,10,26,0.522,12,23,40,11,29,16,9,5,13,17,96,OKC
CLE,2018-04-27,0,0,IND121-87CLE,0.418,33,79,0.316,12,38,0.563,9,16,33,7,26,16,4,2,15,17,87,IND,IND,2018-04-27,1,1,CLE87-121IND,0.563,49,87,0.500,15,30,0.571,8,14,45,9,36,27,9,1,7,18,121,CLE
WAS,2018-04-27,0,1,TOR102-92WAS,0.405,32,79,0.364,8,22,0.952,20,21,42,11,31,12,3,5,14,19,92,TOR,TOR,2018-04-27,1,0,WAS92-102TOR,0.444,40,90,0.280,7,25,0.789,15,19,47,16,31,18,8,6,7,20,102,WAS
BOS,2018-04-28,1,1,MIL96-112BOS,0.536,45,84,0.346,9,26,0.619,13,21,42,11,31,28,9,4,15,23,112,MIL,MIL,2018-04-28,0,0,BOS112-96MIL,0.473,35,74,0.333,9,27,0.944,17,18,32,4,28,21,4,3,16,20,96,BOS
MIL,2018-04-28,0,0,BOS112-96MIL,0.473,35,74,0.333,9,27,0.944,17,18,32,4,28,21,4,3,16,20,96,BOS,BOS,2018-04-28,1,1,MIL96-112BOS,0.536,45,84,0.346,9,26,0.619,13,21,42,11,31,28,9,4,15,23,112,MIL
GSW,2018-04-28,1,1,NOP101-123GSW,0.484,44,91,0.407,11,27,0.750,24,32,57,13,44,33,8,10,14,16,123,NOP,NOP,2018-04-28,0,0,GSW123-101NOP,0.438,42,96,0.320,8,25,0.818,9,11,42,7,35,24,7,3,12,24,101,GSW
NOP,2018-04-28,0,0,GSW123-101NOP,0.438,42,96,0.320,8,25,0.818,9,11,42,7,35,24,7,3,12,24,101,GSW,GSW,2018-04-28,1,1,NOP101-123GSW,0.484,44,91,0.407,11,27,0.750,24,32,57,13,44,33,8,10,14,16,123,NOP
HOU,2018-04-29,1,1,UTA96-110HOU,0.451,37,82,0.531,17,32,0.792,19,24,43,8,35,18,10,5,15,21,110,UTA,UTA,2018-04-29,0,0,HOU110-96UTA,0.500,38,76,0.318,7,22,0.591,13,22,37,6,31,20,11,3,18,20,96,HOU
UTA,2018-04-29,0,0,HOU110-96UTA,0.500,38,76,0.318,7,22,0.591,13,22,37,6,31,20,11,3,18,20,96,HOU,HOU,2018-04-29,1,1,UTA96-110HOU,0.451,37,82,0.531,17,32,0.792,19,24,43,8,35,18,10,5,15,21,110,UTA
CLE,2018-04-29,1,1,IND101-105CLE,0.432,32,74,0.345,10,29,0.775,31,40,44,15,29,18,6,4,12,21,105,IND,IND,2018-04-29,0,0,CLE105-101IND,0.450,36,80,0.323,10,31,0.792,19,24,37,10,27,15,6,0,11,28,101,CLE
IND,2018-04-29,0,0,CLE105-101IND,0.450,36,80,0.323,10,31,0.792,19,24,37,10,27,15,6,0,11,28,101,CLE,CLE,2018-04-29,1,1,IND101-105CLE,0.432,32,74,0.345,10,29,0.775,31,40,44,15,29,18,6,4,12,21,105,IND
PHI,2018-04-30,0,0,BOS117-101PHI,0.422,35,83,0.192,5,26,0.743,26,35,45,11,34,22,7,2,12,19,101,BOS,BOS,2018-04-30,1,1,PHI101-117BOS,0.482,41,85,0.486,17,35,0.947,18,19,36,5,31,27,4,4,10,21,117,PHI
BOS,2018-04-30,1,1,PHI101-117BOS,0.482,41,85,0.486,17,35,0.947,18,19,36,5,31,27,4,4,10,21,117,PHI,PHI,2018-04-30,0,0,BOS117-101PHI,0.422,35,83,0.192,5,26,0.743,26,35,45,11,34,22,7,2,12,19,101,BOS
GSW,2018-05-01,1,1,NOP116-121GSW,0.473,43,91,0.325,13,40,0.815,22,27,49,7,42,36,10,8,16,18,121,NOP,NOP,2018-05-01,0,0,GSW121-116NOP,0.457,48,105,0.351,13,37,0.778,7,9,46,10,36,33,12,5,14,19,116,GSW
CLE,2018-05-01,1,0,TOR112-113CLE,0.412,42,102,0.400,14,35,0.714,15,21,45,13,32,25,5,5,6,23,113,TOR,TOR,2018-05-01,0,1,CLE113-112TOR,0.429,39,91,0.321,9,28,0.806,25,31,50,15,35,26,2,6,14,22,112,CLE
TOR,2018-05-01,0,1,CLE113-112TOR,0.429,39,91,0.321,9,28,0.806,25,31,50,15,35,26,2,6,14,22,112,CLE,CLE,2018-05-01,1,0,TOR112-113CLE,0.412,42,102,0.400,14,35,0.714,15,21,45,13,32,25,5,5,6,23,113,TOR
NOP,2018-05-01,0,0,GSW121-116NOP,0.457,48,105,0.351,13,37,0.778,7,9,46,10,36,33,12,5,14,19,116,GSW,GSW,2018-05-01,1,1,NOP116-121GSW,0.473,43,91,0.325,13,40,0.815,22,27,49,7,42,36,10,8,16,18,121,NOP
UTA,2018-05-02,1,0,HOU108-116UTA,0.518,43,83,0.469,15,32,0.600,15,25,48,5,43,26,4,5,17,24,116,HOU,HOU,2018-05-02,0,1,UTA116-108HOU,0.400,38,95,0.270,10,37,0.815,22,27,49,11,38,22,11,7,8,21,108,UTA
HOU,2018-05-02,0,1,UTA116-108HOU,0.400,38,95,0.270,10,37,0.815,22,27,49,11,38,22,11,7,8,21,108,UTA,UTA,2018-05-02,1,0,HOU108-116UTA,0.518,43,83,0.469,15,32,0.600,15,25,48,5,43,26,4,5,17,24,116,HOU
BOS,2018-05-03,1,1,PHI103-108BOS,0.451,37,82,0.417,15,36,0.792,19,24,41,5,36,23,7,3,9,16,108,PHI,PHI,2018-05-03,0,0,BOS108-103PHI,0.435,40,92,0.394,13,33,0.714,10,14,49,16,33,30,7,4,12,21,103,BOS
TOR,2018-05-03,0,1,CLE128-110TOR,0.543,44,81,0.400,12,30,0.909,10,11,35,5,30,26,2,2,11,24,110,CLE,CLE,2018-05-03,1,0,TOR110-128CLE,0.595,50,84,0.423,11,26,0.739,17,23,34,5,29,25,5,3,3,14,128,TOR
CLE,2018-05-03,1,0,TOR110-128CLE,0.595,50,84,0.423,11,26,0.739,17,23,34,5,29,25,5,3,3,14,128,TOR,TOR,2018-05-03,0,1,CLE128-110TOR,0.543,44,81,0.400,12,30,0.909,10,11,35,5,30,26,2,2,11,24,110,CLE
PHI,2018-05-03,0,0,BOS108-103PHI,0.435,40,92,0.394,13,33,0.714,10,14,49,16,33,30,7,4,12,21,103,BOS,BOS,2018-05-03,1,1,PHI103-108BOS,0.451,37,82,0.417,15,36,0.792,19,24,41,5,36,23,7,3,9,16,108,PHI
GSW,2018-05-04,0,0,NOP119-100GSW,0.380,35,92,0.290,9,31,0.808,21,26,44,10,34,22,11,4,12,17,100,NOP,NOP,2018-05-04,1,1,GSW100-119NOP,0.500,48,96,0.452,14,31,0.750,9,12,54,10,44,36,7,3,15,20,119,GSW
NOP,2018-05-04,1,1,GSW100-119NOP,0.500,48,96,0.452,14,31,0.750,9,12,54,10,44,36,7,3,15,20,119,GSW,GSW,2018-05-04,0,0,NOP119-100GSW,0.380,35,92,0.290,9,31,0.808,21,26,44,10,34,22,11,4,12,17,100,NOP
UTA,2018-05-04,0,1,HOU113-92UTA,0.417,35,84,0.379,11,29,0.733,11,15,43,5,38,17,3,4,16,19,92,HOU,HOU,2018-05-04,1,0,UTA92-113HOU,0.488,42,86,0.306,11,36,0.900,18,20,41,3,38,26,8,7,9,19,113,UTA
HOU,2018-05-04,1,0,UTA92-113HOU,0.488,42,86,0.306,11,36,0.900,18,20,41,3,38,26,8,7,9,19,113,UTA,UTA,2018-05-04,0,1,HOU113-92UTA,0.417,35,84,0.379,11,29,0.733,11,15,43,5,38,17,3,4,16,19,92,HOU
PHI,2018-05-05,0,1,BOS101-98PHI,0.392,38,97,0.300,9,30,0.722,13,18,50,13,37,23,8,5,15,14,98,BOS,BOS,2018-05-05,1,0,PHI98-101BOS,0.451,41,91,0.263,10,38,0.643,9,14,49,9,40,19,9,7,13,20,101,PHI
BOS,2018-05-05,1,0,PHI98-101BOS,0.451,41,91,0.263,10,38,0.643,9,14,49,9,40,19,9,7,13,20,101,PHI,PHI,2018-05-05,0,1,BOS101-98PHI,0.392,38,97,0.300,9,30,0.722,13,18,50,13,37,23,8,5,15,14,98,BOS
CLE,2018-05-05,1,1,TOR103-105CLE,0.481,38,79,0.360,9,25,0.800,20,25,36,6,30,18,7,4,12,19,105,TOR,TOR,2018-05-05,0,0,CLE105-103TOR,0.467,35,75,0.394,13,33,0.800,20,25,41,12,29,14,5,11,17,28,103,CLE
TOR,2018-05-05,0,0,CLE105-103TOR,0.467,35,75,0.394,13,33,0.800,20,25,41,12,29,14,5,11,17,28,103,CLE,CLE,2018-05-05,1,1,TOR103-105CLE,0.481,38,79,0.360,9,25,0.800,20,25,36,6,30,18,7,4,12,19,105,TOR
GSW,2018-05-06,1,0,NOP92-118GSW,0.484,46,95,0.333,11,33,0.833,15,18,45,5,40,28,11,5,11,20,118,NOP,NOP,2018-05-06,0,1,GSW118-92NOP,0.364,32,88,0.154,4,26,0.800,24,30,51,10,41,17,7,4,19,21,92,GSW
NOP,2018-05-06,0,1,GSW118-92NOP,0.364,32,88,0.154,4,26,0.800,24,30,51,10,41,17,7,4,19,21,92,GSW,GSW,2018-05-06,1,0,NOP92-118GSW,0.484,46,95,0.333,11,33,0.833,15,18,45,5,40,28,11,5,11,20,118,NOP
HOU,2018-05-06,1,0,UTA87-100HOU,0.420,37,88,0.263,10,38,0.941,16,17,49,9,40,15,11,9,13,21,100,UTA,UTA,2018-05-06,0,1,HOU100-87UTA,0.386,32,83,0.241,7,29,0.800,16,20,45,8,37,16,8,5,17,21,87,HOU
UTA,2018-05-06,0,1,HOU100-87UTA,0.386,32,83,0.241,7,29,0.800,16,20,45,8,37,16,8,5,17,21,87,HOU,HOU,2018-05-06,1,0,UTA87-100HOU,0.420,37,88,0.263,10,38,0.941,16,17,49,9,40,15,11,9,13,21,100,UTA
BOS,2018-05-07,0,0,PHI103-92BOS,0.413,31,75,0.344,11,32,0.731,19,26,42,6,36,16,4,10,15,28,92,PHI,PHI,2018-05-07,1,1,BOS92-103PHI,0.404,38,94,0.269,7,26,0.769,20,26,53,16,37,24,6,3,10,23,103,BOS
PHI,2018-05-07,1,1,BOS92-103PHI,0.404,38,94,0.269,7,26,0.769,20,26,53,16,37,24,6,3,10,23,103,BOS,BOS,2018-05-07,0,0,PHI103-92BOS,0.413,31,75,0.344,11,32,0.731,19,26,42,6,36,16,4,10,15,28,92,PHI
CLE,2018-05-07,1,1,TOR93-128CLE,0.595,50,84,0.462,12,26,0.800,16,20,37,6,31,29,9,5,11,21,128,TOR,TOR,2018-05-07,0,0,CLE128-93TOR,0.456,36,79,0.267,4,15,0.739,17,23,32,9,23,19,3,5,13,24,93,CLE
TOR,2018-05-07,0,0,CLE128-93TOR,0.456,36,79,0.267,4,15,0.739,17,23,32,9,23,19,3,5,13,24,93,CLE,CLE,2018-05-07,1,1,TOR93-128CLE,0.595,50,84,0.462,12,26,0.800,16,20,37,6,31,29,9,5,11,21,128,TOR
GSW,2018-05-08,1,1,NOP104-113GSW,0.485,48,99,0.259,7,27,0.833,10,12,52,11,41,35,10,2,13,18,113,NOP,NOP,2018-05-08,0,0,GSW113-104NOP,0.466,41,88,0.417,10,24,0.750,12,16,44,4,40,26,7,4,14,12,104,GSW
UTA,2018-05-08,0,0,HOU112-102UTA,0.469,38,81,0.357,10,28,0.762,16,21,41,11,30,24,5,5,12,18,102,HOU,HOU,2018-05-08,1,1,UTA102-112HOU,0.482,40,83,0.462,18,39,0.824,14,17,40,6,34,21,10,8,10,18,112,UTA
HOU,2018-05-08,1,1,UTA102-112HOU,0.482,40,83,0.462,18,39,0.824,14,17,40,6,34,21,10,8,10,18,112,UTA,UTA,2018-05-08,0,0,HOU112-102UTA,0.469,38,81,0.357,10,28,0.762,16,21,41,11,30,24,5,5,12,18,102,HOU
NOP,2018-05-08,0,0,GSW113-104NOP,0.466,41,88,0.417,10,24,0.750,12,16,44,4,40,26,7,4,14,12,104,GSW,GSW,2018-05-08,1,1,NOP104-113GSW,0.485,48,99,0.259,7,27,0.833,10,12,52,11,41,35,10,2,13,18,113,NOP
PHI,2018-05-09,0,0,BOS114-112PHI,0.488,40,82,0.381,8,21,0.774,24,31,48,12,36,26,5,6,17,31,112,BOS,BOS,2018-05-09,1,1,PHI112-114BOS,0.447,38,85,0.350,7,20,0.756,31,41,39,13,26,18,12,3,11,24,114,PHI
BOS,2018-05-09,1,1,PHI112-114BOS,0.447,38,85,0.350,7,20,0.756,31,41,39,13,26,18,12,3,11,24,114,PHI,PHI,2018-05-09,0,0,BOS114-112PHI,0.488,40,82,0.381,8,21,0.774,24,31,48,12,36,26,5,6,17,31,112,BOS
CLE,2018-05-13,0,0,BOS108-83CLE,0.360,31,86,0.154,4,26,0.850,17,20,40,9,31,18,4,3,10,12,83,BOS,BOS,2018-05-13,1,1,CLE83-108BOS,0.512,43,84,0.367,11,30,0.846,11,13,48,6,42,27,6,4,11,17,108,CLE
BOS,2018-05-13,1,1,CLE83-108BOS,0.512,43,84,0.367,11,30,0.846,11,13,48,6,42,27,6,4,11,17,108,CLE,CLE,2018-05-13,0,0,BOS108-83CLE,0.360,31,86,0.154,4,26,0.850,17,20,40,9,31,18,4,3,10,12,83,BOS
GSW,2018-05-14,1,0,HOU106-119GSW,0.525,42,80,0.394,13,33,0.880,22,25,37,3,34,24,9,4,9,17,119,HOU,HOU,2018-05-14,0,1,GSW119-106HOU,0.459,39,85,0.351,13,37,0.714,15,21,42,7,35,18,5,3,16,23,106,GSW
HOU,2018-05-14,0,1,GSW119-106HOU,0.459,39,85,0.351,13,37,0.714,15,21,42,7,35,18,5,3,16,23,106,GSW,GSW,2018-05-14,1,0,HOU106-119GSW,0.525,42,80,0.394,13,33,0.880,22,25,37,3,34,24,9,4,9,17,119,HOU
CLE,2018-05-15,0,0,BOS107-94CLE,0.463,37,80,0.323,10,31,0.588,10,17,45,8,37,18,2,5,15,21,94,BOS,BOS,2018-05-15,1,1,CLE94-107BOS,0.435,40,92,0.323,10,31,0.850,17,20,46,11,35,24,8,2,6,18,107,CLE
BOS,2018-05-15,1,1,CLE94-107BOS,0.435,40,92,0.323,10,31,0.850,17,20,46,11,35,24,8,2,6,18,107,CLE,CLE,2018-05-15,0,0,BOS107-94CLE,0.463,37,80,0.323,10,31,0.588,10,17,45,8,37,18,2,5,15,21,94,BOS
GSW,2018-05-16,0,0,HOU127-105GSW,0.459,39,85,0.300,9,30,0.818,18,22,36,9,27,21,6,4,15,22,105,HOU,HOU,2018-05-16,1,1,GSW105-127HOU,0.511,45,88,0.381,16,42,0.778,21,27,47,10,37,23,8,1,14,24,127,GSW
HOU,2018-05-16,1,1,GSW105-127HOU,0.511,45,88,0.381,16,42,0.778,21,27,47,10,37,23,8,1,14,24,127,GSW,GSW,2018-05-16,0,0,HOU127-105GSW,0.459,39,85,0.300,9,30,0.818,18,22,36,9,27,21,6,4,15,22,105,HOU
BOS,2018-05-19,0,0,CLE116-86BOS,0.392,29,74,0.273,6,22,0.786,22,28,34,6,28,16,4,4,15,25,86,CLE,CLE,2018-05-19,1,1,BOS86-116CLE,0.487,37,76,0.500,17,34,0.833,25,30,45,8,37,23,9,3,15,23,116,BOS
CLE,2018-05-19,1,1,BOS86-116CLE,0.487,37,76,0.500,17,34,0.833,25,30,45,8,37,23,9,3,15,23,116,BOS,BOS,2018-05-19,0,0,CLE116-86BOS,0.392,29,74,0.273,6,22,0.786,22,28,34,6,28,16,4,4,15,25,86,CLE
GSW,2018-05-20,1,1,HOU85-126GSW,0.522,48,92,0.406,13,32,0.944,17,18,49,11,38,20,11,7,8,16,126,HOU,HOU,2018-05-20,0,0,GSW126-85HOU,0.395,32,81,0.324,11,34,0.769,10,13,41,10,31,19,3,5,20,19,85,GSW
HOU,2018-05-20,0,0,GSW126-85HOU,0.395,32,81,0.324,11,34,0.769,10,13,41,10,31,19,3,5,20,19,85,GSW,GSW,2018-05-20,1,1,HOU85-126GSW,0.522,48,92,0.406,13,32,0.944,17,18,49,11,38,20,11,7,8,16,126,HOU
BOS,2018-05-21,0,0,CLE111-102BOS,0.412,35,85,0.321,9,28,0.767,23,30,37,9,28,21,9,3,10,26,102,CLE,CLE,2018-05-21,1,1,BOS102-111CLE,0.506,41,81,0.348,8,23,0.724,21,29,47,9,38,15,6,8,19,23,111,BOS
CLE,2018-05-21,1,1,BOS102-111CLE,0.506,41,81,0.348,8,23,0.724,21,29,47,9,38,15,6,8,19,23,111,BOS,BOS,2018-05-21,0,0,CLE111-102BOS,0.412,35,85,0.321,9,28,0.767,23,30,37,9,28,21,9,3,10,26,102,CLE
HOU,2018-05-22,1,0,GSW92-95HOU,0.390,30,77,0.316,12,38,0.852,23,27,41,8,33,12,7,9,13,19,95,GSW,GSW,2018-05-22,0,1,HOU95-92GSW,0.393,35,89,0.333,9,27,0.929,13,14,49,16,33,14,6,3,16,24,92,HOU
GSW,2018-05-22,0,1,HOU95-92GSW,0.393,35,89,0.333,9,27,0.929,13,14,49,16,33,14,6,3,16,24,92,HOU,HOU,2018-05-22,1,0,GSW92-95HOU,0.390,30,77,0.316,12,38,0.852,23,27,41,8,33,12,7,9,13,19,95,GSW
BOS,2018-05-23,1,1,CLE83-96BOS,0.365,31,85,0.333,13,39,0.913,21,23,45,7,38,18,10,6,10,19,96,CLE,CLE,2018-05-23,0,0,BOS96-83CLE,0.419,31,74,0.265,9,34,0.632,12,19,39,3,36,17,3,7,15,19,83,BOS
CLE,2018-05-23,0,0,BOS96-83CLE,0.419,31,74,0.265,9,34,0.632,12,19,39,3,36,17,3,7,15,19,83,BOS,BOS,2018-05-23,1,1,CLE83-96BOS,0.365,31,85,0.333,13,39,0.913,21,23,45,7,38,18,10,6,10,19,96,CLE
GSW,2018-05-24,0,0,HOU98-94GSW,0.444,32,72,0.385,10,26,0.870,20,23,41,4,37,18,7,1,18,21,94,HOU,HOU,2018-05-24,1,1,GSW94-98HOU,0.372,29,78,0.302,13,43,0.844,27,32,40,8,32,12,10,3,12,19,98,GSW
HOU,2018-05-24,1,1,GSW94-98HOU,0.372,29,78,0.302,13,43,0.844,27,32,40,8,32,12,10,3,12,19,98,GSW,GSW,2018-05-24,0,0,HOU98-94GSW,0.444,32,72,0.385,10,26,0.870,20,23,41,4,37,18,7,1,18,21,94,HOU
BOS,2018-05-25,0,0,CLE109-99BOS,0.514,38,74,0.429,12,28,0.550,11,20,31,5,26,25,5,2,14,18,99,CLE,CLE,2018-05-25,1,1,BOS99-109CLE,0.471,41,87,0.391,9,23,0.818,18,22,44,15,29,16,8,9,11,19,109,BOS
CLE,2018-05-25,1,1,BOS99-109CLE,0.471,41,87,0.391,9,23,0.818,18,22,44,15,29,16,8,9,11,19,109,BOS,BOS,2018-05-25,0,0,CLE109-99BOS,0.514,38,74,0.429,12,28,0.550,11,20,31,5,26,25,5,2,14,18,99,CLE
HOU,2018-05-26,0,0,GSW115-86HOU,0.403,31,77,0.385,15,39,0.529,9,17,38,7,31,13,8,2,21,16,86,GSW,GSW,2018-05-26,1,1,HOU86-115GSW,0.494,43,87,0.421,16,38,0.684,13,19,47,13,34,26,11,10,12,17,115,HOU
GSW,2018-05-26,1,1,HOU86-115GSW,0.494,43,87,0.421,16,38,0.684,13,19,47,13,34,26,11,10,12,17,115,HOU,HOU,2018-05-26,0,0,GSW115-86HOU,0.403,31,77,0.385,15,39,0.529,9,17,38,7,31,13,8,2,21,16,86,GSW
CLE,2018-05-27,1,0,BOS79-87CLE,0.455,30,66,0.257,9,35,0.720,18,25,41,2,39,15,2,4,13,21,87,BOS,BOS,2018-05-27,0,1,CLE87-79BOS,0.341,29,85,0.179,7,39,0.737,14,19,42,11,31,18,6,0,6,20,79,CLE
BOS,2018-05-27,0,1,CLE87-79BOS,0.341,29,85,0.179,7,39,0.737,14,19,42,11,31,18,6,0,6,20,79,CLE,CLE,2018-05-27,1,0,BOS79-87CLE,0.455,30,66,0.257,9,35,0.720,18,25,41,2,39,15,2,4,13,21,87,BOS
HOU,2018-05-28,0,1,GSW101-92HOU,0.400,36,90,0.159,7,44,0.591,13,22,44,17,27,17,13,3,12,17,92,GSW,GSW,2018-05-28,1,0,HOU92-101GSW,0.488,39,80,0.410,16,39,0.500,7,14,42,11,31,25,9,7,17,22,101,HOU
GSW,2018-05-28,1,0,HOU92-101GSW,0.488,39,80,0.410,16,39,0.500,7,14,42,11,31,25,9,7,17,22,101,HOU,HOU,2018-05-28,0,1,GSW101-92HOU,0.400,36,90,0.159,7,44,0.591,13,22,44,17,27,17,13,3,12,17,92,GSW
GSW,2018-05-31,1,1,CLE114-124GSW,0.511,46,90,0.361,13,36,0.950,19,20,38,4,34,31,10,6,8,18,124,CLE,CLE,2018-05-31,0,0,GSW124-114CLE,0.444,44,99,0.270,10,37,0.727,16,22,53,19,34,18,5,3,12,18,114,GSW
CLE,2018-05-31,0,0,GSW124-114CLE,0.444,44,99,0.270,10,37,0.727,16,22,53,19,34,18,5,3,12,18,114,GSW,GSW,2018-05-31,1,1,CLE114-124GSW,0.511,46,90,0.361,13,36,0.950,19,20,38,4,34,31,10,6,8,18,124,CLE
CLE,2018-06-03,0,0,GSW122-103CLE,0.411,37,90,0.333,9,27,0.769,20,26,42,16,26,25,9,4,11,15,103,GSW,GSW,2018-06-03,1,1,CLE103-122GSW,0.573,47,82,0.417,15,36,0.619,13,21,41,7,34,28,3,8,12,25,122,CLE
GSW,2018-06-03,1,1,CLE103-122GSW,0.573,47,82,0.417,15,36,0.619,13,21,41,7,34,28,3,8,12,25,122,CLE,CLE,2018-06-03,0,0,GSW122-103CLE,0.411,37,90,0.333,9,27,0.769,20,26,42,16,26,25,9,4,11,15,103,GSW
CLE,2018-06-06,0,1,GSW110-102CLE,0.435,40,92,0.290,9,31,0.765,13,17,47,15,32,20,6,4,14,18,102,GSW,GSW,2018-06-06,1,0,CLE102-110GSW,0.519,42,81,0.346,9,26,0.895,17,19,37,6,31,27,6,5,11,20,110,CLE
GSW,2018-06-06,1,0,CLE102-110GSW,0.519,42,81,0.346,9,26,0.895,17,19,37,6,31,27,6,5,11,20,110,CLE,CLE,2018-06-06,0,1,GSW110-102CLE,0.435,40,92,0.290,9,31,0.765,13,17,47,15,32,20,6,4,14,18,102,GSW
GSW,2018-06-08,1,0,CLE85-108GSW,0.453,39,86,0.368,14,38,1.000,16,16,44,10,34,25,7,13,10,24,108,CLE,CLE,2018-06-08,0,1,GSW108-85CLE,0.345,30,87,0.296,8,27,0.680,17,25,44,17,27,21,5,5,11,22,85,GSW
CLE,2018-06-08,0,1,GSW108-85CLE,0.345,30,87,0.296,8,27,0.680,17,25,44,17,27,21,5,5,11,22,85,GSW,GSW,2018-06-08,1,0,CLE85-108GSW,0.453,39,86,0.368,14,38,1.000,16,16,44,10,34,25,7,13,10,24,108,CLE
